,score
2015-03-17,49.4
2015-03-18,43.5
2015-03-19,51.0
2015-03-20,49.3
2015-03-23,45.2
2015-03-24,45.1
2015-03-25,38.1
2015-03-26,36.2
2015-03-27,33.9
2015-03-30,36.3
2015-03-31,38.1
2015-04-01,36.9
2015-04-02,42.8
2015-04-03,46.8
2015-04-06,47.9
2015-04-07,45.8
2015-04-08,50.0
2015-04-09,52.4
2015-04-10,62.8
2015-04-13,59.3
2015-04-14,57.7
2015-04-15,58.4
2015-04-16,59.5
2015-04-17,59.6
2015-04-20,56.1
2015-04-21,57.2
2015-04-22,48.0
2015-04-23,55.6
2015-04-24,46.4
2015-04-27,44.1
2015-04-28,43.5
2015-04-29,40.8
2015-04-30,30.9
2015-05-04,31.8
2015-05-06,23.1
2015-05-07,23.3
2015-05-08,23.9
2015-05-11,29.4
2015-05-12,32.1
2015-05-13,32.7
2015-05-14,39.7
2015-05-15,35.2
2015-05-18,37.6
2015-05-19,40.5
2015-05-20,39.3
2015-05-21,32.2
2015-05-22,35.6
2015-05-26,36.5
2015-05-27,23.4
2015-05-28,28.2
2015-05-29,27.6
2015-06-01,27.6
2015-06-02,26.3
2015-06-03,24.7
2015-06-04,27.8
2015-06-05,31.6
2015-06-08,34.3
2015-06-09,35.7
2015-06-10,36.4
2015-06-11,38.5
2015-06-12,40.1
2015-06-15,40.5
2015-06-16,39.7
2015-06-17,40.1
2015-06-18,44.5
2015-06-19,47.1
2015-06-22,51.4
2015-06-23,50.1
2015-06-24,52.4
2015-06-25,51.2
2015-06-26,50.0
2015-06-29,41.1
2015-06-30,43.0
2015-07-01,47.2
2015-07-02,48.6
2015-07-03,47.5
2015-07-06,31.4
2015-07-07,27.3
2015-07-08,27.6
2015-07-09,26.0
2015-07-10,28.6
2015-07-13,33.9
2015-07-14,35.4
2015-07-15,38.7
2015-07-16,39.9
2015-07-17,36.4
2015-07-20,36.3
2015-07-21,38.5
2015-07-22,35.4
2015-07-23,33.4
2015-07-24,31.1
2015-07-27,32.2
2015-07-28,34.5
2015-07-29,39.8
2015-07-30,35.3
2015-07-31,38.3
2015-08-03,37.1
2015-08-04,36.2
2015-08-05,38.2
2015-08-06,40.8
2015-08-07,39.4
2015-08-10,42.9
2015-08-11,35.8
2015-08-12,33.7
2015-08-13,38.6
2015-08-17,33.1
2015-08-18,34.4
2015-08-19,31.2
2015-08-20,30.0
2015-08-21,28.1
2015-08-24,25.4
2015-08-25,26.2
2015-08-26,28.1
2015-08-27,35.9
2015-08-28,37.9
2015-08-31,36.1
2015-09-01,35.3
2015-09-02,34.3
2015-09-03,28.4
2015-09-04,24.3
2015-09-07,24.6
2015-09-08,27.7
2015-09-09,35.7
2015-09-10,38.3
2015-09-11,37.5
2015-09-14,36.9
2015-09-15,37.5
2015-09-16,39.5
2015-09-17,41.2
2015-09-18,43.3
2015-09-21,40.7
2015-09-22,40.0
2015-09-23,31.6
2015-09-24,31.8
2015-09-25,32.8
2015-09-30,42.2
2015-10-01,47.7
2015-10-02,46.1
2015-10-05,47.3
2015-10-06,49.3
2015-10-07,50.0
2015-10-08,50.3
2015-10-12,52.5
2015-10-13,52.5
2015-10-14,49.5
2015-10-15,53.6
2015-10-16,51.2
2015-10-19,51.3
2015-10-20,53.8
2015-10-21,57.8
2015-10-22,56.0
2015-10-23,57.7
2015-10-26,60.1
2015-10-27,57.6
2015-10-28,59.8
2015-10-29,56.8
2015-10-30,56.2
2015-11-02,57.9
2015-11-03,61.4
2015-11-04,59.9
2015-11-05,59.6
2015-11-06,55.0
2015-11-09,51.0
2015-11-10,48.9
2015-11-11,50.1
2015-11-12,49.2
2015-11-13,47.4
2015-11-16,47.6
2015-11-17,51.8
2015-11-18,53.8
2015-11-19,60.3
2015-11-20,60.0
2015-11-23,59.7
2015-11-24,61.3
2015-11-25,60.3
2015-11-26,59.6
2015-11-27,57.4
2015-11-30,49.2
2015-12-01,54.7
2015-12-02,51.2
2015-12-03,46.8
2015-12-04,47.9
2015-12-07,42.4
2015-12-08,38.0
2015-12-09,37.9
2015-12-10,39.7
2015-12-11,38.9
2015-12-14,38.2
2015-12-15,43.2
2015-12-16,46.1
2015-12-17,46.0
2015-12-18,48.5
2015-12-21,51.9
2015-12-22,52.4
2015-12-23,49.0
2015-12-24,51.4
2015-12-28,46.2
2015-12-29,49.4
2015-12-30,50.1
2016-01-04,42.3
2016-01-05,44.0
2016-01-06,42.6
2016-01-07,42.1
2016-01-08,42.5
2016-01-11,42.6
2016-01-12,40.4
2016-01-13,46.9
2016-01-14,47.3
2016-01-15,37.2
2016-01-18,43.3
2016-01-19,52.1
2016-01-20,36.2
2016-01-21,38.6
2016-01-22,42.8
2016-01-25,51.7
2016-01-26,43.3
2016-01-27,50.4
2016-01-28,51.6
2016-01-29,49.5
2016-02-01,54.5
2016-02-02,46.9
2016-02-03,46.5
2016-02-04,52.4
2016-02-05,51.1
2016-02-11,35.5
2016-02-12,33.7
2016-02-15,36.4
2016-02-16,45.9
2016-02-17,49.6
2016-02-18,48.3
2016-02-19,49.2
2016-02-22,52.5
2016-02-23,52.6
2016-02-24,50.3
2016-02-25,53.9
2016-02-26,52.3
2016-02-29,48.6
2016-03-02,60.2
2016-03-03,59.5
2016-03-04,61.1
2016-03-07,62.4
2016-03-08,58.9
2016-03-09,59.1
2016-03-10,62.3
2016-03-11,65.2
2016-03-14,66.0
2016-03-15,68.2
2016-03-16,71.6
2016-03-17,70.7
2016-03-18,68.6
2016-03-21,70.0
2016-03-22,70.0
2016-03-23,64.6
2016-03-24,64.8
2016-03-25,58.6
2016-03-28,61.5
2016-03-29,65.7
2016-03-30,67.1
2016-03-31,64.4
2016-04-01,62.7
2016-04-04,63.0
2016-04-05,55.9
2016-04-06,51.4
2016-04-07,58.0
2016-04-08,57.8
2016-04-11,61.2
2016-04-12,64.8
2016-04-14,67.1
2016-04-15,65.8
2016-04-18,67.8
2016-04-19,69.0
2016-04-20,63.9
2016-04-21,66.0
2016-04-22,63.1
2016-04-25,56.1
2016-04-26,59.8
2016-04-27,60.3
2016-04-28,56.4
2016-04-29,57.0
2016-05-02,53.1
2016-05-03,50.6
2016-05-04,48.9
2016-05-09,45.2
2016-05-10,51.0
2016-05-11,53.6
2016-05-12,58.3
2016-05-13,53.1
2016-05-16,53.8
2016-05-17,52.1
2016-05-18,48.3
2016-05-19,47.9
2016-05-20,44.6
2016-05-23,50.9
2016-05-24,47.5
2016-05-25,57.5
2016-05-26,53.0
2016-05-27,54.9
2016-05-30,53.4
2016-05-31,51.0
2016-06-01,56.4
2016-06-02,55.8
2016-06-03,59.1
2016-06-07,58.0
2016-06-08,58.7
2016-06-09,60.2
2016-06-10,53.6
2016-06-13,45.1
2016-06-14,38.9
2016-06-15,37.9
2016-06-16,35.6
2016-06-17,37.2
2016-06-20,51.4
2016-06-21,51.6
2016-06-22,52.9
2016-06-23,52.9
2016-06-24,32.4
2016-06-27,30.2
2016-06-28,35.5
2016-06-29,41.4
2016-06-30,43.6
2016-07-01,55.9
2016-07-04,56.8
2016-07-05,51.6
2016-07-06,41.6
2016-07-07,44.3
2016-07-08,41.0
2016-07-11,42.5
2016-07-12,52.0
2016-07-13,55.7
2016-07-14,56.3
2016-07-15,54.4
2016-07-18,51.2
2016-07-19,50.0
2016-07-20,49.1
2016-07-21,46.6
2016-07-22,54.6
2016-07-25,54.4
2016-07-26,57.7
2016-07-27,59.0
2016-07-28,59.7
2016-07-29,54.5
2016-08-01,61.3
2016-08-02,57.1
2016-08-03,51.3
2016-08-04,52.2
2016-08-05,53.0
2016-08-08,57.3
2016-08-09,63.2
2016-08-10,62.2
2016-08-11,65.2
2016-08-12,63.6
2016-08-16,60.8
2016-08-17,59.3
2016-08-18,56.4
2016-08-19,59.2
2016-08-22,53.6
2016-08-23,56.7
2016-08-24,55.2
2016-08-25,52.2
2016-08-26,54.1
2016-08-29,54.3
2016-08-30,54.1
2016-08-31,48.3
2016-09-01,49.0
2016-09-02,52.5
2016-09-05,59.0
2016-09-06,60.0
2016-09-07,57.8
2016-09-08,60.0
2016-09-09,51.9
2016-09-12,42.3
2016-09-13,37.9
2016-09-19,41.3
2016-09-20,45.2
2016-09-21,50.2
2016-09-22,56.2
2016-09-23,56.5
2016-09-26,53.2
2016-09-27,54.0
2016-09-28,47.1
2016-09-29,46.3
2016-09-30,37.9
2016-10-04,41.5
2016-10-05,44.4
2016-10-06,46.7
2016-10-07,36.9
2016-10-10,39.8
2016-10-11,31.7
2016-10-12,31.5
2016-10-13,27.1
2016-10-14,26.2
2016-10-17,25.8
2016-10-18,37.6
2016-10-19,35.8
2016-10-20,34.7
2016-10-21,34.6
2016-10-24,39.8
2016-10-25,33.2
2016-10-26,29.8
2016-10-27,38.7
2016-10-28,36.2
2016-10-31,38.0
2016-11-01,38.8
2016-11-02,33.0
2016-11-03,29.8
2016-11-04,30.5
2016-11-07,40.5
2016-11-08,41.2
2016-11-09,24.1
2016-11-10,29.7
2016-11-11,23.8
2016-11-14,23.2
2016-11-15,21.7
2016-11-16,24.0
2016-11-17,24.5
2016-11-18,20.7
2016-11-21,20.5
2016-11-22,23.4
2016-11-23,25.8
2016-11-24,23.4
2016-11-25,27.2
2016-11-28,31.6
2016-11-29,32.2
2016-11-30,27.1
2016-12-01,32.4
2016-12-02,30.1
2016-12-05,26.8
2016-12-06,26.2
2016-12-07,34.3
2016-12-08,48.8
2016-12-09,49.3
2016-12-12,51.0
2016-12-13,53.7
2016-12-14,48.2
2016-12-15,50.2
2016-12-16,48.1
2016-12-19,46.5
2016-12-20,48.4
2016-12-21,47.8
2016-12-22,44.5
2016-12-23,48.0
2016-12-26,48.9
2016-12-27,53.4
2016-12-28,51.5
2016-12-29,55.1
2017-01-02,54.6
2017-01-03,66.7
2017-01-04,63.7
2017-01-05,64.0
2017-01-06,61.7
2017-01-09,62.3
2017-01-10,57.0
2017-01-11,62.9
2017-01-12,63.8
2017-01-13,69.0
2017-01-16,62.2
2017-01-17,67.0
2017-01-18,61.5
2017-01-19,58.8
2017-01-20,53.4
2017-01-23,54.8
2017-01-24,53.6
2017-01-25,59.1
2017-01-26,61.9
2017-01-31,58.1
2017-02-01,62.1
2017-02-02,62.5
2017-02-03,58.3
2017-02-06,60.7
2017-02-07,56.7
2017-02-08,54.5
2017-02-09,55.4
2017-02-10,53.7
2017-02-13,51.7
2017-02-14,53.6
2017-02-15,59.9
2017-02-16,59.0
2017-02-17,58.1
2017-02-20,60.4
2017-02-21,65.1
2017-02-22,65.2
2017-02-23,63.9
2017-02-24,68.1
2017-02-27,70.4
2017-02-28,66.0
2017-03-02,65.7
2017-03-03,55.6
2017-03-06,55.4
2017-03-07,56.5
2017-03-08,55.0
2017-03-09,52.5
2017-03-10,57.7
2017-03-13,59.4
2017-03-14,59.6
2017-03-15,62.8
2017-03-16,61.0
2017-03-17,61.8
2017-03-20,59.9
2017-03-21,61.2
2017-03-22,55.9
2017-03-23,61.2
2017-03-24,59.4
2017-03-27,55.5
2017-03-28,56.1
2017-03-29,53.9
2017-03-30,54.9
2017-03-31,50.7
2017-04-03,58.7
2017-04-04,54.8
2017-04-05,55.6
2017-04-06,53.6
2017-04-07,49.2
2017-04-10,46.4
2017-04-11,42.2
2017-04-12,41.3
2017-04-13,50.9
2017-04-14,42.5
2017-04-17,53.2
2017-04-18,58.6
2017-04-19,57.2
2017-04-20,62.6
2017-04-21,65.9
2017-04-24,65.7
2017-04-25,68.3
2017-04-26,69.1
2017-04-27,65.4
2017-04-28,66.7
2017-05-02,65.3
2017-05-04,64.0
2017-05-08,65.9
2017-05-10,66.0
2017-05-11,66.2
2017-05-12,65.4
2017-05-15,64.5
2017-05-16,61.2
2017-05-17,59.0
2017-05-18,58.6
2017-05-19,61.3
2017-05-22,59.1
2017-05-23,60.0
2017-05-24,63.0
2017-05-25,64.2
2017-05-26,62.4
2017-05-29,62.7
2017-05-30,61.0
2017-05-31,63.4
2017-06-01,63.8
2017-06-02,63.5
2017-06-05,62.9
2017-06-07,66.5
2017-06-08,69.6
2017-06-09,65.8
2017-06-12,64.0
2017-06-13,66.4
2017-06-14,69.1
2017-06-15,64.6
2017-06-16,65.8
2017-06-19,68.3
2017-06-20,64.1
2017-06-21,62.1
2017-06-22,66.2
2017-06-23,69.1
2017-06-26,69.6
2017-06-27,68.7
2017-06-28,67.9
2017-06-29,64.5
2017-06-30,61.5
2017-07-03,62.2
2017-07-04,58.6
2017-07-05,57.3
2017-07-06,54.5
2017-07-07,54.4
2017-07-10,55.6
2017-07-11,58.1
2017-07-12,58.7
2017-07-13,63.7
2017-07-14,63.7
2017-07-17,62.9
2017-07-18,64.3
2017-07-19,62.7
2017-07-20,64.4
2017-07-21,64.6
2017-07-24,67.3
2017-07-25,63.0
2017-07-26,62.0
2017-07-27,60.8
2017-07-28,46.3
2017-07-31,43.1
2017-08-01,45.0
2017-08-02,46.4
2017-08-03,36.7
2017-08-04,40.2
2017-08-07,43.0
2017-08-08,35.4
2017-08-09,34.8
2017-08-10,30.1
2017-08-11,28.1
2017-08-14,28.2
2017-08-16,34.1
2017-08-17,37.1
2017-08-18,35.8
2017-08-21,37.0
2017-08-22,35.7
2017-08-23,35.0
2017-08-24,40.2
2017-08-25,40.1
2017-08-28,40.6
2017-08-29,33.4
2017-08-30,36.3
2017-08-31,32.8
2017-09-01,35.7
2017-09-04,33.1
2017-09-05,32.2
2017-09-06,29.9
2017-09-07,35.7
2017-09-08,31.1
2017-09-11,42.0
2017-09-12,44.8
2017-09-13,44.7
2017-09-14,45.9
2017-09-15,49.8
2017-09-18,51.5
2017-09-19,51.1
2017-09-20,49.7
2017-09-21,46.5
2017-09-25,34.1
2017-09-26,34.4
2017-09-27,36.2
2017-09-28,36.7
2017-09-29,39.1
2017-10-10,50.4
2017-10-11,54.8
2017-10-12,58.9
2017-10-13,59.5
2017-10-16,58.6
2017-10-17,58.0
2017-10-18,56.5
2017-10-19,52.0
2017-10-20,49.9
2017-10-23,52.4
2017-10-24,55.2
2017-10-25,50.9
2017-10-26,54.9
2017-10-27,57.7
2017-10-30,58.8
2017-10-31,63.2
2017-11-01,69.7
2017-11-02,66.3
2017-11-03,66.4
2017-11-06,66.8
2017-11-07,61.8
2017-11-08,60.5
2017-11-09,58.3
2017-11-10,56.9
2017-11-13,54.9
2017-11-14,52.6
2017-11-15,56.3
2017-11-16,63.2
2017-11-17,63.9
2017-11-20,60.4
2017-11-21,63.3
2017-11-22,63.8
2017-11-23,62.9
2017-11-24,60.0
2017-11-27,46.2
2017-11-28,48.1
2017-11-29,48.9
2017-11-30,41.1
2017-12-01,43.8
2017-12-04,49.5
2017-12-05,48.1
2017-12-06,41.9
2017-12-07,39.8
2017-12-08,39.8
2017-12-11,36.9
2017-12-12,33.1
2017-12-13,39.3
2017-12-14,39.5
2017-12-15,42.2
2017-12-18,42.1
2017-12-19,41.2
2017-12-21,29.9
2017-12-22,33.1
2017-12-26,32.7
2017-12-27,42.1
2017-12-28,46.9
2018-01-02,50.9
2018-01-03,52.3
2018-01-04,43.2
2018-01-05,50.0
2018-01-08,51.5
2018-01-09,50.2
2018-01-10,46.8
2018-01-11,47.6
2018-01-12,48.1
2018-01-15,48.9
2018-01-16,50.2
2018-01-17,48.1
2018-01-18,45.9
2018-01-19,48.4
2018-01-22,43.4
2018-01-23,51.3
2018-01-24,50.1
2018-01-25,57.0
2018-01-26,54.8
2018-01-29,62.0
2018-01-30,51.1
2018-01-31,53.0
2018-02-01,50.3
2018-02-02,39.1
2018-02-05,35.1
2018-02-06,27.7
2018-02-07,20.9
2018-02-08,21.3
2018-02-09,20.6
2018-02-12,23.6
2018-02-13,19.5
2018-02-14,27.4
2018-02-19,29.5
2018-02-20,27.4
2018-02-21,26.5
2018-02-22,22.1
2018-02-23,21.4
2018-02-26,23.4
2018-02-27,26.4
2018-02-28,23.9
2018-03-02,21.3
2018-03-05,20.3
2018-03-06,26.2
2018-03-07,27.1
2018-03-08,28.9
2018-03-09,31.7
2018-03-12,37.3
2018-03-13,37.1
2018-03-14,38.3
2018-03-15,40.7
2018-03-16,36.5
2018-03-19,31.8
2018-03-20,35.5
2018-03-21,36.6
2018-03-22,34.2
2018-03-23,23.6
2018-03-26,28.6
2018-03-27,27.3
2018-03-28,23.2
2018-03-29,30.7
2018-03-30,29.9
2018-04-02,34.3
2018-04-03,34.6
2018-04-04,31.5
2018-04-05,30.4
2018-04-06,26.1
2018-04-09,30.8
2018-04-10,28.3
2018-04-11,28.5
2018-04-12,29.6
2018-04-13,32.5
2018-04-16,32.9
2018-04-17,32.3
2018-04-18,36.3
2018-04-19,35.3
2018-04-20,35.4
2018-04-23,33.7
2018-04-24,30.8
2018-04-25,28.2
2018-04-26,32.3
2018-04-27,37.7
2018-04-30,37.9
2018-05-02,36.2
2018-05-03,32.3
2018-05-04,29.7
2018-05-08,27.5
2018-05-09,30.8
2018-05-10,34.5
2018-05-11,36.7
2018-05-14,36.9
2018-05-15,33.8
2018-05-16,33.1
2018-05-17,27.4
2018-05-18,29.3
2018-05-21,30.2
2018-05-23,35.8
2018-05-24,32.2
2018-05-25,33.6
2018-05-28,36.3
2018-05-29,32.8
2018-05-30,27.0
2018-05-31,27.3
2018-06-01,30.4
2018-06-04,31.0
2018-06-05,33.1
2018-06-07,36.9
2018-06-08,28.8
2018-06-11,33.2
2018-06-12,32.4
2018-06-14,21.8
2018-06-15,19.7
2018-06-18,16.7
2018-06-19,14.4
2018-06-20,15.5
2018-06-21,15.1
2018-06-22,16.4
2018-06-25,16.1
2018-06-26,20.3
2018-06-27,15.6
2018-06-28,17.9
2018-06-29,17.9
2018-07-02,15.9
2018-07-03,16.5
2018-07-04,15.1
2018-07-05,16.7
2018-07-06,15.5
2018-07-09,16.1
2018-07-10,19.8
2018-07-11,17.2
2018-07-12,20.9
2018-07-13,20.6
2018-07-16,17.3
2018-07-17,22.1
2018-07-18,24.2
2018-07-19,21.0
2018-07-20,23.3
2018-07-23,19.0
2018-07-24,21.5
2018-07-25,24.0
2018-07-26,27.3
2018-07-27,31.7
2018-07-30,36.2
2018-07-31,35.8
2018-08-01,31.9
2018-08-02,28.6
2018-08-03,28.0
2018-08-06,24.5
2018-08-07,27.2
2018-08-08,28.0
2018-08-09,32.0
2018-08-10,24.0
2018-08-13,20.9
2018-08-14,19.9
2018-08-16,19.8
2018-08-17,23.6
2018-08-20,26.9
2018-08-21,27.7
2018-08-22,30.2
2018-08-23,29.1
2018-08-24,33.4
2018-08-27,36.0
2018-08-28,33.3
2018-08-29,35.7
2018-08-30,33.0
2018-08-31,35.8
2018-09-03,35.8
2018-09-04,33.1
2018-09-05,27.8
2018-09-06,27.0
2018-09-07,26.5
2018-09-10,27.9
2018-09-11,29.5
2018-09-12,35.3
2018-09-13,38.0
2018-09-14,42.0
2018-09-17,37.0
2018-09-18,39.7
2018-09-19,39.7
2018-09-20,42.2
2018-09-21,46.2
2018-09-27,49.9
2018-09-28,49.1
2018-10-01,48.0
2018-10-02,37.2
2018-10-04,28.7
2018-10-05,23.7
2018-10-08,19.9
2018-10-10,16.8
2018-10-11,13.6
2018-10-12,14.9
2018-10-15,14.8
2018-10-16,14.0
2018-10-17,18.5
2018-10-18,16.9
2018-10-19,16.6
2018-10-22,18.9
2018-10-23,13.4
2018-10-24,11.3
2018-10-25,13.8
2018-10-26,11.9
2018-10-29,14.6
2018-10-30,13.9
2018-10-31,19.7
2018-11-01,21.9
2018-11-02,27.3
2018-11-05,25.5
2018-11-06,26.9
2018-11-07,26.3
2018-11-08,26.1
2018-11-09,19.9
2018-11-12,17.5
2018-11-13,19.3
2018-11-14,19.3
2018-11-15,25.1
2018-11-16,29.0
2018-11-19,30.1
2018-11-20,27.8
2018-11-21,31.8
2018-11-22,30.9
2018-11-23,22.9
2018-11-26,28.9
2018-11-27,34.7
2018-11-28,39.4
2018-11-29,38.0
2018-11-30,39.5
2018-12-03,45.2
2018-12-04,38.9
2018-12-05,38.2
2018-12-06,29.8
2018-12-07,29.3
2018-12-10,29.2
2018-12-11,27.4
2018-12-12,33.7
2018-12-13,36.4
2018-12-14,34.6
2018-12-17,34.4
2018-12-18,36.1
2018-12-19,34.1
2018-12-20,34.2
2018-12-21,38.4
2018-12-24,37.1
2018-12-26,34.7
2018-12-27,40.1
2018-12-28,43.2
2019-01-02,41.6
2019-01-03,35.0
2019-01-04,36.7
2019-01-07,38.0
2019-01-08,39.1
2019-01-09,50.1
2019-01-10,51.1
2019-01-11,49.2
2019-01-14,47.1
2019-01-15,55.4
2019-01-16,55.0
2019-01-17,57.8
2019-01-18,61.0
2019-01-21,59.8
2019-01-22,58.0
2019-01-23,60.9
2019-01-24,63.9
2019-01-25,65.9
2019-01-28,67.4
2019-01-29,76.0
2019-01-30,74.7
2019-01-31,73.1
2019-02-01,65.7
2019-02-07,65.8
2019-02-08,59.5
2019-02-11,64.0
2019-02-12,62.5
2019-02-13,64.1
2019-02-14,65.9
2019-02-15,64.7
2019-02-18,65.7
2019-02-19,64.9
2019-02-20,68.4
2019-02-21,64.0
2019-02-22,64.7
2019-02-25,65.6
2019-02-26,65.4
2019-02-27,65.8
2019-02-28,58.7
2019-03-04,61.1
2019-03-05,57.3
2019-03-06,56.8
2019-03-07,54.8
2019-03-08,48.7
2019-03-11,50.7
2019-03-12,55.4
2019-03-13,53.6
2019-03-14,54.6
2019-03-15,61.8
2019-03-18,61.7
2019-03-19,61.2
2019-03-20,63.4
2019-03-21,64.5
2019-03-22,60.3
2019-03-25,57.4
2019-03-26,52.8
2019-03-27,54.3
2019-03-28,49.4
2019-03-29,56.8
2019-04-01,67.6
2019-04-02,62.1
2019-04-03,67.0
2019-04-04,66.1
2019-04-05,67.9
2019-04-08,65.9
2019-04-09,66.5
2019-04-10,66.3
2019-04-11,67.4
2019-04-12,69.2
2019-04-15,71.5
2019-04-16,70.6
2019-04-17,71.3
2019-04-18,67.3
2019-04-19,66.2
2019-04-22,67.2
2019-04-23,68.6
2019-04-24,59.9
2019-04-25,59.4
2019-04-26,57.0
2019-04-29,64.0
2019-04-30,58.4
2019-05-02,69.2
2019-05-03,65.8
2019-05-07,58.9
2019-05-08,55.5
2019-05-09,40.2
2019-05-10,40.5
2019-05-13,37.1
2019-05-14,37.4
2019-05-15,42.6
2019-05-16,36.8
2019-05-17,34.0
2019-05-20,33.8
2019-05-21,35.5
2019-05-22,34.7
2019-05-23,32.0
2019-05-24,31.8
2019-05-27,31.7
2019-05-28,42.6
2019-05-29,35.4
2019-05-30,36.3
2019-05-31,34.3
2019-06-03,46.2
2019-06-04,43.2
2019-06-05,40.7
2019-06-07,45.8
2019-06-10,50.4
2019-06-11,53.2
2019-06-12,53.9
2019-06-13,53.1
2019-06-14,48.2
2019-06-17,48.8
2019-06-18,49.9
2019-06-19,53.8
2019-06-20,61.2
2019-06-21,58.9
2019-06-24,62.3
2019-06-25,60.1
2019-06-26,59.3
2019-06-27,58.1
2019-06-28,56.9
2019-07-01,62.2
2019-07-02,56.9
2019-07-03,49.0
2019-07-04,51.8
2019-07-05,49.3
2019-07-08,41.7
2019-07-09,36.8
2019-07-10,38.9
2019-07-11,42.8
2019-07-12,47.5
2019-07-15,48.7
2019-07-16,48.7
2019-07-17,42.8
2019-07-18,44.9
2019-07-19,48.7
2019-07-22,46.5
2019-07-23,48.0
2019-07-24,46.4
2019-07-25,38.3
2019-07-26,40.7
2019-07-29,30.9
2019-07-30,32.6
2019-07-31,31.9
2019-08-01,37.0
2019-08-02,27.8
2019-08-05,24.7
2019-08-06,25.4
2019-08-07,24.6
2019-08-08,28.2
2019-08-09,29.8
2019-08-12,35.8
2019-08-13,32.1
2019-08-14,33.4
2019-08-16,33.4
2019-08-19,36.4
2019-08-20,36.8
2019-08-21,41.5
2019-08-22,32.8
2019-08-23,31.3
2019-08-26,28.2
2019-08-27,29.3
2019-08-28,29.1
2019-08-29,30.8
2019-08-30,38.8
2019-09-02,43.0
2019-09-03,40.3
2019-09-04,47.1
2019-09-05,50.6
2019-09-06,51.5
2019-09-09,52.5
2019-09-10,57.1
2019-09-11,56.6
2019-09-16,60.1
2019-09-17,55.8
2019-09-18,55.7
2019-09-19,56.2
2019-09-20,56.8
2019-09-23,61.1
2019-09-24,59.6
2019-09-25,55.1
2019-09-26,58.9
2019-09-27,53.1
2019-09-30,52.5
2019-10-01,59.6
2019-10-02,52.0
2019-10-04,55.3
2019-10-07,50.6
2019-10-08,53.1
2019-10-10,52.7
2019-10-11,54.8
2019-10-14,60.5
2019-10-15,61.7
2019-10-16,61.2
2019-10-17,62.3
2019-10-18,50.5
2019-10-21,57.1
2019-10-22,60.5
2019-10-23,58.9
2019-10-24,62.1
2019-10-25,65.7
2019-10-28,67.5
2019-10-29,66.2
2019-10-30,64.3
2019-10-31,64.7
2019-11-01,73.4
2019-11-04,75.8
2019-11-05,75.4
2019-11-06,73.8
2019-11-07,76.7
2019-11-08,73.9
2019-11-11,67.9
2019-11-12,67.3
2019-11-13,60.1
2019-11-14,66.2
2019-11-15,68.2
2019-11-18,69.4
2019-11-19,68.1
2019-11-20,65.6
2019-11-21,52.1
2019-11-22,58.4
2019-11-25,60.0
2019-11-26,57.4
2019-11-27,60.5
2019-11-28,57.7
2019-11-29,45.6
2019-12-02,50.9
2019-12-03,45.1
2019-12-04,42.2
2019-12-05,38.4
2019-12-06,43.5
2019-12-09,45.7
2019-12-10,53.4
2019-12-11,56.2
2019-12-12,60.3
2019-12-13,62.7
2019-12-16,61.7
2019-12-17,65.9
2019-12-18,67.1
2019-12-19,68.9
2019-12-20,70.1
2019-12-23,70.5
2019-12-24,64.6
2019-12-26,69.0
2019-12-27,71.4
2019-12-30,72.9
2020-01-02,72.2
2020-01-03,67.9
2020-01-06,60.9
2020-01-07,63.0
2020-01-08,51.0
2020-01-09,59.7
2020-01-10,62.9
2020-01-13,67.2
2020-01-14,67.4
2020-01-15,67.9
2020-01-16,68.3
2020-01-17,67.3
2020-01-20,67.0
2020-01-21,58.2
2020-01-22,62.9
2020-01-23,60.8
2020-01-28,47.9
2020-01-29,46.8
2020-01-30,37.8
2020-01-31,29.6
2020-02-03,31.0
2020-02-04,42.8
2020-02-05,47.5
2020-02-06,58.6
2020-02-07,58.2
2020-02-10,58.3
2020-02-11,59.0
2020-02-12,60.3
2020-02-13,57.5
2020-02-14,59.8
2020-02-17,59.3
2020-02-18,52.8
2020-02-19,51.9
2020-02-20,47.8
2020-02-21,42.9
2020-02-24,27.3
2020-02-25,31.1
2020-02-26,28.2
2020-02-27,27.9
2020-02-28,24.6
2020-03-02,34.7
2020-03-03,33.3
2020-03-04,39.9
2020-03-05,42.5
2020-03-06,37.5
2020-03-09,28.4
2020-03-10,31.5
2020-03-11,27.2
2020-03-12,26.7
2020-03-13,21.6
2020-03-16,22.6
2020-03-17,28.7
2020-03-18,28.6
2020-03-19,26.4
2020-03-20,29.8
2020-03-23,29.0
2020-03-24,34.8
2020-03-25,41.9
2020-03-26,42.2
2020-03-27,41.9
2020-03-30,43.5
2020-03-31,45.5
2020-04-01,36.7
2020-04-02,37.6
2020-04-03,40.7
2020-04-06,45.0
2020-04-07,45.6
2020-04-08,47.7
2020-04-09,48.0
2020-04-10,49.9
2020-04-13,48.3
2020-04-14,48.1
2020-04-16,47.0
2020-04-17,57.5
2020-04-20,54.6
2020-04-21,50.6
2020-04-22,60.7
2020-04-23,60.2
2020-04-24,56.5
2020-04-27,63.0
2020-04-28,63.7
2020-04-29,64.4
2020-05-04,55.3
2020-05-06,56.4
2020-05-07,57.6
2020-05-08,63.7
2020-05-11,61.1
2020-05-12,59.3
2020-05-13,58.5
2020-05-14,55.6
2020-05-15,53.0
2020-05-18,57.5
2020-05-19,61.3
2020-05-20,63.9
2020-05-21,62.1
2020-05-22,61.1
2020-05-25,61.9
2020-05-26,64.7
2020-05-27,61.1
2020-05-28,59.5
2020-05-29,61.0
2020-06-01,70.5
2020-06-02,70.7
2020-06-03,73.3
2020-06-04,74.3
2020-06-05,76.1
2020-06-08,75.7
2020-06-09,74.9
2020-06-10,73.4
2020-06-11,69.3
2020-06-12,65.7
2020-06-15,54.3
2020-06-16,62.9
2020-06-17,64.3
2020-06-18,67.3
2020-06-19,64.1
2020-06-22,66.8
2020-06-23,63.6
2020-06-24,65.2
2020-06-25,63.0
2020-06-26,62.8
2020-06-29,54.5
2020-06-30,56.1
2020-07-01,57.4
2020-07-02,61.2
2020-07-03,60.6
2020-07-06,62.6
2020-07-07,60.6
2020-07-08,61.2
2020-07-09,61.3
2020-07-10,57.8
2020-07-13,60.0
2020-07-14,64.2
2020-07-15,65.0
2020-07-16,62.1
2020-07-17,64.2
2020-07-20,63.9
2020-07-21,64.2
2020-07-22,64.4
2020-07-23,64.3
2020-07-24,61.5
2020-07-27,64.2
2020-07-28,65.5
2020-07-29,66.0
2020-07-30,65.9
2020-07-31,63.5
2020-08-03,63.1
2020-08-04,66.5
2020-08-05,67.3
2020-08-06,68.4
2020-08-07,69.3
2020-08-10,70.4
2020-08-11,70.3
2020-08-12,68.1
2020-08-13,67.2
2020-08-14,62.4
2020-08-18,53.4
2020-08-19,55.6
2020-08-20,45.4
2020-08-21,51.1
2020-08-24,52.5
2020-08-25,56.5
2020-08-26,57.7
2020-08-27,59.0
2020-08-28,58.9
2020-08-31,55.1
2020-09-01,55.9
2020-09-02,55.3
2020-09-03,55.0
2020-09-04,54.6
2020-09-07,52.9
2020-09-08,59.6
2020-09-09,56.0
2020-09-10,56.7
2020-09-11,58.9
2020-09-14,60.3
2020-09-15,61.1
2020-09-16,59.9
2020-09-17,61.0
2020-09-18,60.2
2020-09-21,55.5
2020-09-22,50.0
2020-09-23,48.1
2020-09-24,42.5
2020-09-25,42.7
2020-09-28,47.9
2020-09-29,52.1
2020-10-05,55.9
2020-10-06,53.5
2020-10-07,54.1
2020-10-08,54.8
2020-10-12,54.7
2020-10-13,55.5
2020-10-14,51.1
2020-10-15,48.2
2020-10-16,43.1
2020-10-19,44.0
2020-10-20,45.0
2020-10-21,47.8
2020-10-22,44.9
2020-10-23,47.2
2020-10-26,45.1
2020-10-27,43.5
2020-10-28,46.7
2020-10-29,44.9
2020-10-30,35.4
2020-11-02,40.1
2020-11-03,43.6
2020-11-04,47.9
2020-11-05,51.1
2020-11-06,51.5
2020-11-09,53.3
2020-11-10,51.7
2020-11-11,54.4
2020-11-12,51.8
2020-11-13,53.1
2020-11-16,57.1
2020-11-17,56.1
2020-11-18,57.3
2020-11-19,58.4
2020-11-20,54.4
2020-11-23,56.4
2020-11-24,57.7
2020-11-25,56.9
2020-11-26,57.4
2020-11-27,61.1
2020-11-30,56.9
2020-12-01,58.3
2020-12-02,58.7
2020-12-03,61.5
2020-12-04,62.2
2020-12-07,63.4
2020-12-08,59.0
2020-12-09,59.1
2020-12-10,58.4
2020-12-11,55.8
2020-12-14,55.1
2020-12-15,57.3
2020-12-16,56.7
2020-12-17,55.2
2020-12-18,55.9
2020-12-21,56.6
2020-12-22,49.9
2020-12-23,55.6
2020-12-24,56.6
2020-12-28,58.1
2020-12-29,61.4
2020-12-30,63.1
2021-01-04,62.7
2021-01-05,63.1
2021-01-06,61.7
2021-01-07,61.8
2021-01-08,62.3
2021-01-11,61.8
2021-01-12,59.6
2021-01-13,60.0
2021-01-14,58.5
2021-01-15,51.6
2021-01-18,46.2
2021-01-19,51.3
2021-01-20,53.5
2021-01-21,56.5
2021-01-22,53.7
2021-01-25,58.1
2021-01-26,52.6
2021-01-27,49.1
2021-01-28,45.7
2021-01-29,40.7
2021-02-01,43.8
2021-02-02,46.8
2021-02-03,51.7
2021-02-04,48.1
2021-02-05,54.7
2021-02-08,47.6
2021-02-09,45.7
2021-02-10,47.3
2021-02-15,48.9
2021-02-16,51.6
2021-02-17,48.2
2021-02-18,45.1
2021-02-19,46.0
2021-02-22,43.0
2021-02-23,42.8
2021-02-24,39.1
2021-02-25,43.1
2021-02-26,37.8
2021-03-02,40.7
2021-03-03,44.4
2021-03-04,42.5
2021-03-05,42.4
2021-03-08,38.4
2021-03-09,38.8
2021-03-10,36.7
2021-03-11,39.4
2021-03-12,40.9
2021-03-15,44.7
2021-03-16,45.0
2021-03-17,45.3
2021-03-18,42.6
2021-03-19,41.0
2021-03-22,40.9
2021-03-23,37.6
2021-03-24,37.3
2021-03-25,40.4
2021-03-26,43.2
2021-03-29,42.5
2021-03-30,44.7
2021-03-31,45.3
2021-04-01,46.0
2021-04-02,46.1
2021-04-05,46.4
2021-04-06,46.7
2021-04-07,48.6
2021-04-08,46.9
2021-04-09,46.1
2021-04-12,45.5
2021-04-13,47.6
2021-04-14,48.4
2021-04-15,51.2
2021-04-16,51.6
2021-04-19,51.8
2021-04-20,50.0
2021-04-21,43.8
2021-04-22,42.9
2021-04-23,45.1
2021-04-26,46.9
2021-04-27,47.1
2021-04-28,46.3
2021-04-29,43.0
2021-04-30,37.8
2021-05-03,39.8
2021-05-04,38.0
2021-05-06,42.2
2021-05-07,46.3
2021-05-10,46.9
2021-05-11,42.9
2021-05-12,36.1
2021-05-13,34.2
2021-05-14,33.4
2021-05-17,30.8
2021-05-18,32.7
2021-05-20,36.0
2021-05-21,33.2
2021-05-24,36.9
2021-05-25,36.6
2021-05-26,37.1
2021-05-27,32.1
2021-05-28,39.1
2021-05-31,39.1
2021-06-01,41.0
2021-06-02,39.9
2021-06-03,39.8
2021-06-04,41.3
2021-06-07,39.7
2021-06-08,36.4
2021-06-09,32.8
2021-06-10,36.6
2021-06-11,38.0
2021-06-14,39.6
2021-06-15,40.6
2021-06-16,41.5
2021-06-17,42.8
2021-06-18,42.5
2021-06-21,39.3
2021-06-22,40.3
2021-06-23,41.5
2021-06-24,43.3
2021-06-25,47.2
2021-06-28,45.3
2021-06-29,44.9
2021-06-30,43.5
2021-07-01,41.7
2021-07-02,39.1
2021-07-05,39.6
2021-07-06,38.4
2021-07-07,38.7
2021-07-08,35.3
2021-07-09,31.3
2021-07-12,32.7
2021-07-13,34.9
2021-07-14,35.5
2021-07-15,38.6
2021-07-16,35.7
2021-07-19,30.8
2021-07-20,31.3
2021-07-21,29.2
2021-07-22,29.6
2021-07-23,31.0
2021-07-26,33.7
2021-07-27,28.8
2021-07-28,31.9
2021-07-29,35.3
2021-07-30,27.9
2021-08-02,29.7
2021-08-03,31.6
2021-08-04,33.6
2021-08-05,34.3
2021-08-06,36.1
2021-08-09,37.0
2021-08-10,30.8
2021-08-11,27.9
2021-08-12,29.5
2021-08-13,27.7
2021-08-17,25.4
2021-08-18,25.7
2021-08-19,23.1
2021-08-20,21.1
2021-08-23,24.4
2021-08-24,28.2
2021-08-25,25.5
2021-08-26,25.4
2021-08-27,30.8
2021-08-30,28.5
2021-08-31,30.9
2021-09-01,32.5
2021-09-02,31.0
2021-09-03,31.2
2021-09-06,31.2
2021-09-07,30.0
2021-09-08,19.4
2021-09-09,16.9
2021-09-10,24.3
2021-09-13,23.2
2021-09-14,24.2
2021-09-15,25.8
2021-09-16,28.6
2021-09-17,29.5
2021-09-23,31.0
2021-09-24,30.4
2021-09-27,35.3
2021-09-28,30.6
2021-09-29,25.9
2021-09-30,26.7
2021-10-01,28.1
2021-10-05,26.1
2021-10-06,22.9
2021-10-07,22.8
2021-10-08,22.2
2021-10-12,22.5
2021-10-13,25.9
2021-10-14,26.9
2021-10-15,30.5
2021-10-18,29.5
2021-10-19,32.7
2021-10-20,29.6
2021-10-21,28.1
2021-10-22,25.3
2021-10-25,27.3
2021-10-26,28.3
2021-10-27,29.0
2021-10-28,30.5
2021-10-29,26.1
2021-11-01,25.8
2021-11-02,24.0
2021-11-03,24.8
2021-11-04,29.1
2021-11-05,29.5
2021-11-08,30.1
2021-11-09,28.8
2021-11-10,26.8
2021-11-11,31.4
2021-11-12,30.4
2021-11-15,32.3
2021-11-16,36.1
2021-11-17,35.5
2021-11-18,32.7
2021-11-19,32.1
2021-11-22,33.3
2021-11-23,31.0
2021-11-24,32.3
2021-11-25,31.4
2021-11-26,26.0
2021-11-29,27.5
2021-11-30,22.8
2021-12-01,25.4
2021-12-02,29.0
2021-12-03,32.2
2021-12-06,32.0
2021-12-07,33.2
2021-12-08,34.4
2021-12-09,33.9
2021-12-10,33.7
2021-12-13,31.3
2021-12-14,26.1
2021-12-15,27.2
2021-12-16,28.3
2021-12-17,28.3
2021-12-20,25.5
2021-12-21,28.6
2021-12-22,27.5
2021-12-23,31.7
2021-12-24,33.2
2021-12-27,35.0
2021-12-28,44.2
2021-12-29,46.4
2021-12-30,46.9
2022-01-04,42.1
2022-01-05,40.5
2022-01-06,35.9
2022-01-07,37.2
2022-01-10,31.0
2022-01-11,34.9
2022-01-12,41.0
2022-01-13,41.1
2022-01-14,33.7
2022-01-17,38.7
2022-01-18,34.0
2022-01-19,24.1
2022-01-20,23.7
2022-01-21,33.9
2022-01-24,28.9
2022-01-25,25.5
2022-01-26,26.2
2022-01-27,24.5
2022-01-28,24.2
2022-02-03,33.8
2022-02-04,33.2
2022-02-07,28.8
2022-02-08,27.4
2022-02-09,27.7
2022-02-10,29.5
2022-02-11,23.6
2022-02-14,21.6
2022-02-15,20.3
2022-02-16,21.6
2022-02-17,23.9
2022-02-18,22.5
2022-02-21,23.0
2022-02-22,24.4
2022-02-23,21.1
2022-02-24,17.4
2022-02-25,22.6
2022-02-28,22.0
2022-03-02,28.1
2022-03-03,33.9
2022-03-04,25.0
2022-03-07,23.1
2022-03-08,21.1
2022-03-10,20.0
2022-03-11,20.2
2022-03-14,22.9
2022-03-15,23.9
2022-03-16,25.9
2022-03-17,32.2
2022-03-18,35.1
2022-03-21,35.2
2022-03-22,37.7
2022-03-23,35.2
2022-03-24,36.4
2022-03-25,33.7
2022-03-28,40.3
2022-03-29,41.8
2022-03-30,42.5
2022-03-31,41.2
2022-04-01,46.8
2022-04-04,45.0
2022-04-05,39.0
2022-04-06,38.4
2022-04-07,37.8
2022-04-08,36.5
2022-04-11,35.3
2022-04-12,35.6
2022-04-13,42.2
2022-04-14,40.7
2022-04-15,39.4
2022-04-18,41.7
2022-04-19,46.5
2022-04-20,48.6
2022-04-21,41.5
2022-04-22,43.1
2022-04-25,39.2
2022-04-26,44.0
2022-04-27,39.1
2022-04-28,43.8
2022-04-29,44.2
2022-05-02,45.9
2022-05-03,47.5
2022-05-04,49.1
2022-05-06,40.2
2022-05-10,29.3
2022-05-11,31.1
2022-05-12,27.6
2022-05-13,39.1
2022-05-16,42.1
2022-05-17,43.9
2022-05-18,44.2
2022-05-19,40.8
2022-05-20,41.1
2022-05-23,45.4
2022-05-24,34.2
2022-05-25,44.4
2022-05-26,40.5
2022-05-27,41.7
2022-05-30,45.2
2022-05-31,46.1
2022-06-02,48.3
2022-06-03,45.2
2022-06-07,36.2
2022-06-08,36.8
2022-06-09,36.3
2022-06-10,33.6
2022-06-13,22.0
2022-06-14,20.2
2022-06-15,17.1
2022-06-16,16.9
2022-06-17,17.6
2022-06-20,15.2
2022-06-21,20.0
2022-06-22,14.3
2022-06-23,13.8
2022-06-24,20.4
2022-06-27,20.7
2022-06-28,23.4
2022-06-29,20.9
2022-06-30,21.5
2022-07-01,15.5
2022-07-04,15.6
2022-07-05,16.9
2022-07-06,16.3
2022-07-07,21.9
2022-07-08,24.2
2022-07-11,22.1
2022-07-12,22.3
2022-07-13,27.2
2022-07-14,19.1
2022-07-15,21.6
2022-07-18,32.7
2022-07-19,37.6
2022-07-20,40.2
2022-07-21,43.0
2022-07-22,43.9
2022-07-25,46.5
2022-07-26,46.6
2022-07-27,51.3
2022-07-28,53.1
2022-07-29,55.4
2022-08-01,54.3
2022-08-02,53.8
2022-08-03,57.8
2022-08-04,60.3
2022-08-05,61.2
2022-08-08,66.7
2022-08-09,65.6
2022-08-10,59.6
2022-08-11,62.4
2022-08-12,65.0
2022-08-16,63.2
2022-08-17,56.1
2022-08-18,53.6
2022-08-19,53.3
2022-08-22,49.2
2022-08-23,47.8
2022-08-24,47.1
2022-08-25,55.5
2022-08-26,51.9
2022-08-29,46.8
2022-08-30,48.6
2022-08-31,53.8
2022-09-01,42.6
2022-09-02,41.3
2022-09-05,39.0
2022-09-06,42.9
2022-09-07,38.4
2022-09-08,44.2
2022-09-13,52.2
2022-09-14,50.2
2022-09-15,50.6
2022-09-16,40.6
2022-09-19,38.7
2022-09-20,45.0
2022-09-21,39.1
2022-09-22,35.8
2022-09-23,29.5
2022-09-26,20.2
2022-09-27,22.0
2022-09-28,21.3
2022-09-29,22.7
2022-09-30,19.9
2022-10-04,32.3
2022-10-05,28.7
2022-10-06,35.5
2022-10-07,34.2
2022-10-11,22.6
2022-10-12,26.8
2022-10-13,22.7
2022-10-14,26.9
2022-10-17,32.5
2022-10-18,42.0
2022-10-19,34.6
2022-10-20,30.9
2022-10-21,35.1
2022-10-24,32.0
2022-10-25,32.9
2022-10-26,39.6
2022-10-27,49.6
2022-10-28,48.1
2022-10-31,52.4
2022-11-01,57.0
2022-11-02,55.0
2022-11-03,54.7
2022-11-04,57.6
2022-11-07,61.3
2022-11-08,63.3
2022-11-09,65.1
2022-11-10,64.9
2022-11-11,65.4
2022-11-14,65.2
2022-11-15,65.6
2022-11-16,64.2
2022-11-17,56.2
2022-11-18,55.1
2022-11-21,53.6
2022-11-22,52.2
2022-11-23,54.1
2022-11-24,56.6
2022-11-25,61.1
2022-11-28,53.3
2022-11-29,59.9
2022-11-30,65.9
2022-12-01,65.7
2022-12-02,61.3
2022-12-05,57.0
2022-12-06,51.7
2022-12-07,48.2
2022-12-08,45.2
2022-12-09,54.6
2022-12-12,54.8
2022-12-13,58.1
2022-12-14,60.4
2022-12-15,52.4
2022-12-16,53.3
2022-12-19,51.9
2022-12-20,50.5
2022-12-21,54.7
2022-12-22,58.8
2022-12-23,52.2
2022-12-26,53.0
2022-12-27,58.8
2022-12-28,48.9
2022-12-29,40.9
2023-01-02,41.6
2023-01-03,39.9
2023-01-04,48.6
2023-01-05,54.0
2023-01-06,58.2
2023-01-09,63.1
2023-01-10,61.8
2023-01-11,62.9
2023-01-12,63.3
2023-01-13,63.4
2023-01-16,64.9
2023-01-17,61.8
2023-01-18,59.7
2023-01-19,61.1
2023-01-20,64.1
2023-01-25,68.5
2023-01-26,68.7
2023-01-27,68.1
2023-01-30,67.3
2023-01-31,68.7
2023-02-01,72.0
2023-02-02,68.0
2023-02-03,65.5
2023-02-06,61.0
2023-02-07,64.2
2023-02-08,64.4
2023-02-09,64.5
2023-02-10,65.2
2023-02-13,66.9
2023-02-14,66.9
2023-02-15,60.1
2023-02-16,64.4
2023-02-17,61.7
2023-02-20,61.2
2023-02-21,59.4
2023-02-22,56.6
2023-02-23,63.3
2023-02-24,55.9
2023-02-27,53.7
2023-02-28,55.5
2023-03-02,61.2
2023-03-03,67.2
2023-03-06,69.5
2023-03-07,69.3
2023-03-08,64.4
2023-03-09,62.3
2023-03-10,57.8
2023-03-13,58.8
2023-03-14,49.0
2023-03-15,54.5
2023-03-16,58.7
2023-03-17,61.1
2023-03-20,57.8
2023-03-21,59.8
2023-03-22,62.9
2023-03-23,64.0
2023-03-24,62.4
2023-03-27,60.5
2023-03-28,62.8
2023-03-29,61.9
2023-03-30,61.7
2023-03-31,67.1
2023-04-03,67.3
2023-04-04,65.1
2023-04-05,66.5
2023-04-06,61.6
2023-04-07,63.6
2023-04-10,64.2
2023-04-11,73.0
2023-04-12,72.9
2023-04-13,75.6
2023-04-14,75.0
2023-04-17,73.8
2023-04-18,72.9
2023-04-19,70.1
2023-04-20,66.1
2023-04-21,64.2
2023-04-24,61.5
2023-04-25,56.9
2023-04-26,56.3
2023-04-27,59.4
2023-04-28,60.9
2023-05-02,67.4
2023-05-03,61.5
2023-05-04,62.5
2023-05-08,64.6
2023-05-09,62.2
2023-05-10,63.7
2023-05-11,61.6
2023-05-12,54.6
2023-05-15,60.4
2023-05-16,56.6
2023-05-17,60.1
2023-05-18,63.7
2023-05-19,66.5
2023-05-22,68.0
2023-05-23,69.2
2023-05-24,68.9
2023-05-25,66.5
2023-05-26,65.9
2023-05-30,65.5
2023-05-31,64.7
2023-06-01,65.0
2023-06-02,65.2
2023-06-05,65.7
2023-06-07,66.1
2023-06-08,65.1
2023-06-09,67.2
2023-06-12,67.5
2023-06-13,68.1
2023-06-14,65.6
2023-06-15,63.7
2023-06-16,57.8
2023-06-19,57.1
2023-06-20,54.6
2023-06-21,49.5
2023-06-22,49.7
2023-06-23,45.2
2023-06-26,45.0
2023-06-27,46.1
2023-06-28,44.2
2023-06-29,42.4
2023-06-30,46.9
2023-07-03,55.4
2023-07-04,49.6
2023-07-05,47.4
2023-07-06,43.8
2023-07-07,39.1
2023-07-10,33.7
2023-07-11,37.0
2023-07-12,42.4
2023-07-13,49.8
2023-07-14,52.2
2023-07-17,49.5
2023-07-18,50.8
2023-07-19,48.3
2023-07-20,46.6
2023-07-21,49.5
2023-07-24,53.0
2023-07-25,53.5
2023-07-26,46.3
2023-07-27,44.5
2023-07-28,47.5
2023-07-31,50.5
2023-08-01,55.8
2023-08-02,42.9
2023-08-03,46.4
2023-08-04,42.0
2023-08-07,38.7
2023-08-08,37.8
2023-08-09,44.4
2023-08-10,43.1
2023-08-11,44.0
2023-08-14,40.6
2023-08-16,34.0
2023-08-17,32.0
2023-08-18,31.9
2023-08-21,32.5
2023-08-22,33.8
2023-08-23,37.8
2023-08-24,40.0
2023-08-25,39.3
2023-08-28,42.9
2023-08-29,45.0
2023-08-30,45.3
2023-08-31,44.1
2023-09-01,47.4
2023-09-04,49.1
2023-09-05,46.5
2023-09-06,42.7
2023-09-07,45.5
2023-09-08,42.2
2023-09-11,42.2
2023-09-12,36.4
2023-09-13,40.2
2023-09-14,50.5
2023-09-15,51.4
2023-09-18,43.1
2023-09-19,42.1
2023-09-20,40.6
2023-09-21,31.6
2023-09-22,28.2
2023-09-25,27.8
2023-09-26,28.3
2023-09-27,24.3
2023-10-04,22.0
2023-10-05,19.8
2023-10-06,20.7
2023-10-10,24.2
2023-10-11,26.4
2023-10-12,31.7
2023-10-13,28.8
2023-10-16,27.9
2023-10-17,27.6
2023-10-18,21.9
2023-10-19,17.7
2023-10-20,13.0
2023-10-23,12.6
2023-10-24,14.6
2023-10-25,13.5
2023-10-26,13.7
2023-10-27,14.7
2023-10-30,15.1
2023-10-31,11.3
2023-11-01,15.3
2023-11-02,23.7
2023-11-03,27.2
2023-11-06,43.1
2023-11-07,35.6
2023-11-08,34.0
2023-11-09,32.1
2023-11-10,28.8
2023-11-13,24.3
2023-11-14,28.5
2023-11-15,42.7
2023-11-16,43.2
2023-11-17,41.4
2023-11-20,44.9
2023-11-21,45.7
2023-11-22,45.6
2023-11-23,43.5
2023-11-24,39.4
2023-11-27,40.7
2023-11-28,43.6
2023-11-29,45.5
2023-11-30,47.2
2023-12-01,46.5
2023-12-04,47.3
2023-12-05,43.2
2023-12-06,43.9
2023-12-07,48.4
2023-12-08,51.1
2023-12-11,55.4
2023-12-12,59.3
2023-12-13,60.5
2023-12-14,62.7
2023-12-15,58.9
2023-12-18,61.5
2023-12-19,66.5
2023-12-20,66.3
2023-12-21,67.2
2023-12-22,68.9
2023-12-26,70.3
2023-12-27,72.8
2023-12-28,74.3
2024-01-02,74.3
2024-01-03,69.3
2024-01-04,61.9
2024-01-05,60.0
2024-01-08,54.6
2024-01-09,51.1
2024-01-10,47.1
2024-01-11,53.6
2024-01-12,43.3
2024-01-15,45.0
2024-01-16,40.5
2024-01-17,32.5
2024-01-18,31.1
2024-01-19,35.0
2024-01-22,37.8
2024-01-23,46.7
2024-01-24,48.2
2024-01-25,45.7
2024-01-26,45.8
2024-01-29,59.7
2024-01-30,52.6
2024-01-31,52.6
2024-02-01,55.5
2024-02-02,62.0
2024-02-05,59.5
2024-02-06,58.7
2024-02-07,61.8
2024-02-08,60.8
2024-02-13,62.1
2024-02-14,60.4
2024-02-15,60.7
2024-02-16,64.6
2024-02-19,63.8
2024-02-20,61.5
2024-02-21,63.8
2024-02-22,63.6
2024-02-23,63.2
2024-02-26,57.8
2024-02-27,51.5
2024-02-28,56.9
2024-02-29,54.4
2024-03-04,63.3
2024-03-05,60.0
2024-03-06,63.6
2024-03-07,64.2
2024-03-08,63.7
2024-03-11,61.4
2024-03-12,66.6
2024-03-13,65.2
2024-03-14,66.4
2024-03-15,56.8
2024-03-18,58.5
2024-03-19,48.7
2024-03-20,53.0
2024-03-21,58.4
2024-03-22,59.5
2024-03-25,63.0
2024-03-26,64.5
2024-03-27,60.6
2024-03-28,57.4
2024-03-29,55.5
2024-04-01,56.8
2024-04-02,55.6
2024-04-03,45.9
2024-04-04,48.3
2024-04-05,45.6
2024-04-08,47.2
2024-04-09,45.9
2024-04-11,45.3
2024-04-12,39.7
2024-04-15,42.4
2024-04-16,37.3
2024-04-17,35.5
2024-04-18,37.4
2024-04-19,39.5
2024-04-22,44.3
2024-04-23,45.8
2024-04-24,50.1
2024-04-25,43.5
2024-04-26,48.5
2024-04-29,50.1
2024-04-30,50.9
2024-05-02,54.1
2024-05-03,51.3
2024-05-07,57.8
2024-05-08,58.3
2024-05-09,50.7
2024-05-10,50.4
2024-05-13,44.2
2024-05-14,46.7
2024-05-16,50.8
2024-05-17,46.8
2024-05-20,46.8
2024-05-21,42.7
2024-05-22,43.0
2024-05-23,41.8
2024-05-24,37.1
2024-05-27,42.3
2024-05-28,47.5
2024-05-29,39.0
2024-05-30,36.8
2024-05-31,34.9
2024-06-03,40.9
2024-06-04,35.1
2024-06-05,46.2
2024-06-07,48.2
2024-06-10,47.7
2024-06-11,44.9
2024-06-12,49.7
2024-06-13,48.3
2024-06-14,52.1
2024-06-17,48.9
2024-06-18,50.3
2024-06-19,53.4
2024-06-20,49.2
2024-06-21,47.6
2024-06-24,46.2
2024-06-25,45.9
2024-06-26,48.9
2024-06-27,51.2
2024-06-28,55.6
2024-07-01,57.7
2024-07-02,53.8
2024-07-03,56.5
2024-07-04,57.4
2024-07-05,63.4
2024-07-08,63.6
2024-07-09,65.1
2024-07-10,63.4
2024-07-11,64.9
2024-07-12,59.6
2024-07-15,59.3
2024-07-16,59.6
2024-07-17,51.0
2024-07-18,49.8
2024-07-19,47.5
2024-07-22,43.1
2024-07-23,41.7
2024-07-24,39.5
2024-07-25,37.0
2024-07-26,39.4
2024-07-29,39.9
2024-07-30,38.3
2024-07-31,46.7
2024-08-01,44.5
2024-08-02,26.0
2024-08-05,14.6
2024-08-06,17.0
2024-08-07,22.8
2024-08-08,21.2
2024-08-09,23.6
2024-08-12,31.0
2024-08-13,33.5
2024-08-14,34.2
2024-08-16,38.5
2024-08-19,34.2
2024-08-20,36.5
2024-08-21,39.5
2024-08-22,37.4
2024-08-23,38.4
2024-08-26,36.8
2024-08-27,35.8
2024-08-28,29.7
2024-08-29,32.8
2024-08-30,29.5
2024-09-02,31.4
2024-09-03,36.0
2024-09-04,32.3
2024-09-05,30.0
2024-09-06,27.7
2024-09-09,28.1
2024-09-10,28.8
2024-09-11,29.5
2024-09-12,33.6
2024-09-13,41.6
2024-09-19,41.8
2024-09-20,40.1
2024-09-23,43.3
2024-09-24,50.0
2024-09-25,41.6
2024-09-26,52.5
2024-09-27,47.4
2024-09-30,47.6
2024-10-02,44.5
2024-10-04,37.1
2024-10-07,42.5
2024-10-08,40.5
2024-10-10,44.5
2024-10-11,43.8
2024-10-14,45.3
2024-10-15,44.7
2024-10-16,42.6
2024-10-17,39.8
2024-10-18,37.4
2024-10-21,43.0
2024-10-22,38.4
2024-10-23,44.7
2024-10-24,39.3
2024-10-25,39.3
2024-10-28,40.1
2024-10-29,43.1
2024-10-30,37.1
2024-10-31,35.0
2024-11-01,34.5
2024-11-04,36.6
2024-11-05,35.7
2024-11-06,41.7
2024-11-07,41.4
2024-11-08,36.0
2024-11-11,33.8
2024-11-12,29.9
2024-11-13,25.2
2024-11-14,26.4
2024-11-15,24.0
2024-11-18,28.5
2024-11-19,29.9
2024-11-20,33.9
2024-11-21,37.0
2024-11-22,37.7
2024-11-25,38.1
2024-11-26,40.4
2024-11-27,37.8
2024-11-28,38.3
2024-11-29,31.2
2024-12-02,29.7
2024-12-03,27.6
2024-12-04,26.5
2024-12-05,26.6
2024-12-06,26.0
2024-12-09,22.2
2024-12-10,27.0
2024-12-11,33.2
2024-12-12,36.9
2024-12-13,40.4
2024-12-16,41.4
2024-12-17,36.3
2024-12-18,30.8
2024-12-19,26.0
2024-12-20,22.3
2024-12-23,25.4
2024-12-24,25.0
2024-12-26,28.1
2024-12-27,27.3
2024-12-30,29.4
2025-01-02,31.8
2025-01-03,37.5
2025-01-06,42.4
2025-01-07,40.1
2025-01-08,41.8
2025-01-09,45.7
2025-01-10,44.5
2025-01-13,43.1
2025-01-14,42.8
2025-01-15,44.5
2025-01-16,44.6
2025-01-17,47.7
2025-01-20,51.3
2025-01-21,51.5
2025-01-22,53.1
2025-01-23,48.4
2025-01-24,54.4
2025-01-31,50.1
2025-02-03,43.9
2025-02-04,51.7
2025-02-05,46.8
2025-02-06,52.0
2025-02-07,49.0
2025-02-10,52.9
2025-02-11,52.6
2025-02-12,49.7
2025-02-13,55.7
2025-02-14,62.0
2025-02-17,62.9
2025-02-18,62.7
2025-02-19,67.1
2025-02-20,69.2
2025-02-21,63.3
2025-02-24,61.3
2025-02-25,59.4
2025-02-26,59.4
2025-02-27,54.4
2025-02-28,41.2
2025-03-04,42.8
2025-03-05,42.8
2025-03-06,44.8
2025-03-07,47.1
2025-03-10,48.6
2025-03-11,46.3
2025-03-12,48.1
2025-03-13,50.2
2025-03-14,46.1
2025-03-17,51.5
2025-03-18,49.4
2025-03-19,50.4
2025-03-20,51.2
2025-03-21,50.7
2025-03-24,49.5
2025-03-25,53.9
2025-03-26,56.6
2025-03-27,53.5
2025-03-28,42.0
2025-03-31,35.4
2025-04-01,41.1
2025-04-02,35.0
2025-04-03,34.2
2025-04-04,32.3
2025-04-07,25.8
2025-04-08,24.9
2025-04-09,24.9
2025-04-10,32.5
2025-04-11,35.6
2025-04-14,41.8
2025-04-15,43.6
2025-04-16,34.4
2025-04-17,38.7
2025-04-18,42.5
2025-04-21,38.3
2025-04-22,38.2
2025-04-23,44.1
2025-04-24,45.0
2025-04-25,47.8
2025-04-28,47.1
2025-04-29,53.7
2025-04-30,45.1
2025-05-02,46.5
2025-05-07,45.7
2025-05-08,49.1
2025-05-09,41.2
2025-05-12,44.5
2025-05-13,48.1
2025-05-14,54.0
2025-05-15,52.6
2025-05-16,49.1
2025-05-19,47.0
2025-05-20,45.9
2025-05-21,49.1
2025-05-22,43.5
2025-05-23,44.4
2025-05-26,48.9
2025-05-27,51.9
2025-05-28,57.2
2025-05-29,64.8
2025-05-30,63.1
2025-06-02,61.8
2025-06-04,64.7
2025-06-05,69.0
2025-06-09,71.7
2025-06-10,71.8
2025-06-11,71.4
2025-06-12,71.2
2025-06-13,65.7
2025-06-16,65.3
2025-06-17,64.6
2025-06-18,66.2
2025-06-19,67.8
2025-06-20,68.1
2025-06-23,69.1
2025-06-24,70.1
2025-06-25,70.2
2025-06-26,68.8
2025-06-27,66.3
2025-06-30,66.9
2025-07-01,61.6
2025-07-02,62.6
2025-07-03,64.7
2025-07-04,61.5
2025-07-07,59.2
2025-07-08,60.7
2025-07-09,61.4
2025-07-10,62.1
2025-07-11,59.7
2025-07-14,64.2
2025-07-15,61.3
2025-07-16,60.7
2025-07-17,58.4
2025-07-18,57.6
2025-07-21,58.8
2025-07-22,56.6
2025-07-23,57.9
2025-07-24,58.1
2025-07-25,59.3
2025-07-28,54.7
2025-07-29,57.3
2025-07-30,59.1
2025-07-31,56.9
2025-08-01,47.2
2025-08-04,50.4
2025-08-05,54.3
2025-08-06,53.6
2025-08-07,55.6
2025-08-08,58.3
2025-08-11,55.5
2025-08-12,57.1
2025-08-13,58.4
2025-08-14,56.1
2025-08-18,52.1
2025-08-19,49.1
2025-08-20,48.8
2025-08-21,48.6
2025-08-22,51.1
2025-08-25,52.6
2025-08-26,54.1
2025-08-27,52.9
2025-08-28,55.1
2025-08-29,48.9
2025-09-01,50.7
2025-09-02,51.8
2025-09-03,54.3
2025-09-04,54.4
2025-09-05,53.3
2025-09-08,59.6
2025-09-09,63.1
2025-09-10,63.9
2025-09-11,65.2
2025-09-12,65.7
2025-09-15,66.8
2025-09-16,67.0
2025-09-17,64.7
2025-09-18,65.3
2025-09-19,64.1
2025-09-22,67.0
2025-09-23,65.5
2025-09-24,62.9
2025-09-25,59.4
2025-09-26,51.6
2025-09-29,56.8
2025-09-30,54.3
2025-10-01,60.1
2025-10-02,60.6
2025-10-10,53.0
2025-10-13,54.2
2025-10-14,52.6
2025-10-15,56.4
2025-10-16,59.9
2025-10-17,60.2
2025-10-20,60.6
2025-10-21,60.5
2025-10-22,60.4
2025-10-23,57.6
2025-10-24,58.9
2025-10-27,59.2
2025-10-28,60.3
2025-10-29,60.8
2025-10-30,59.8
2025-10-31,61.4
2025-11-03,61.4
2025-11-04,56.4
2025-11-05,51.3
2025-11-06,49.6
2025-11-07,45.2
2025-11-10,48.7
2025-11-11,52.3
2025-11-12,52.6
2025-11-13,54.9
2025-11-14,54.2
2025-11-17,49.8
2025-11-18,42.4
2025-11-19,41.4
2025-11-20,43.4
2025-11-21,40.4
2025-11-24,38.6
2025-11-25,40.1
2025-11-26,47.2
2025-11-27,47.0
2025-11-28,50.4
2025-12-01,49.6
2025-12-02,52.1
2025-12-03,54.9
2025-12-04,51.5
2025-12-05,55.6
2025-12-08,57.5
2025-12-09,56.9
2025-12-10,56.1
2025-12-11,54.9
2025-12-12,53.0
2025-12-15,50.1
2025-12-16,45.4
2025-12-17,47.5
2025-12-18,42.9
2025-12-19,49.9
2025-12-22,52.4
2025-12-23,53.1
2025-12-24,56.3
2025-12-26,56.3
2025-12-29,60.6
2025-12-30,58.4
2026-01-02,61.1
2026-01-05,63.5
2026-01-06,64.0
2026-01-07,63.8
2026-01-08,63.8
2026-01-09,62.9
2026-01-12,61.6
2026-01-13,58.6
2026-01-14,61.5
2026-01-15,64.3
2026-01-16,63.8
2026-01-19,64.0
2026-01-20,63.9
2026-01-21,66.7
2026-01-22,66.2
2026-01-23,66.4
2026-01-26,70.2
2026-01-27,73.1
2026-01-28,74.6
2026-01-29,74.9
2026-01-30,70.5
2026-02-02,61.6
2026-02-03,60.2
2026-02-04,56.8
2026-02-05,54.7
2026-02-06,55.4
2026-02-09,61.6
2026-02-10,56.1
2026-02-11,61.5
2026-02-12,61.8
2026-02-13,59.9
2026-02-19,59.0
2026-02-20,60.2
2026-02-23,57.5
2026-02-24,60.3
2026-02-25,60.0
2026-02-26,59.8
2026-02-27,58.9
2026-03-03,41.5
2026-03-04,29.9
2026-03-05,37.0
2026-03-06,38.7
