date,deposit_bil
2015-01-02,17326.79892
2015-01-05,16749.97031
2015-01-06,16585.62662
2015-01-07,16129.41087
2015-01-08,16337.76178
2015-01-09,15911.9189
2015-01-12,15647.02431
2015-01-13,15775.00488
2015-01-14,15880.38127
2015-01-15,16929.20967
2015-01-16,15713.33796
2015-01-19,15661.51352
2015-01-20,15149.94632
2015-01-21,15527.79646
2015-01-22,15499.70347
2015-01-23,15730.65682
2015-01-26,15999.76116
2015-01-27,16817.48537
2015-01-28,16939.69946
2015-01-29,16589.23419
2015-01-30,16363.35469
2015-02-02,17561.7176
2015-02-03,18033.5462
2015-02-04,17347.28613
2015-02-05,16466.95739
2015-02-06,16381.7552
2015-02-09,17068.12552
2015-02-10,16441.59467
2015-02-11,16815.40112
2015-02-12,16526.80943
2015-02-13,16962.22881
2015-02-16,16263.22834
2015-02-17,15843.01011
2015-02-23,17469.98437
2015-02-24,17647.93986
2015-02-25,16556.82923
2015-02-26,16985.95709
2015-02-27,16739.96032
2015-03-02,17412.27733
2015-03-03,17347.47806
2015-03-04,16792.39299
2015-03-05,16693.02574
2015-03-06,17132.79166
2015-03-09,17152.40936
2015-03-10,17194.95384
2015-03-11,17681.30965
2015-03-12,17538.25112
2015-03-13,18219.63852
2015-03-16,17155.90094
2015-03-17,17325.27936
2015-03-18,16608.24764
2015-03-19,18142.64821
2015-03-20,17226.59978
2015-03-23,17592.10831
2015-03-24,17777.78132
2015-03-25,17965.30389
2015-03-26,18362.51489
2015-03-27,18891.30078
2015-03-30,18202.58893
2015-03-31,18364.67507
2015-04-01,19226.28994
2015-04-02,19160.99601
2015-04-03,19275.22716
2015-04-06,18725.66332
2015-04-07,18493.23849
2015-04-08,18597.8163
2015-04-09,19095.88899
2015-04-10,19215.80658
2015-04-13,19968.79782
2015-04-14,20223.3024
2015-04-15,21131.05385
2015-04-16,21215.51918
2015-04-17,20483.52588
2015-04-20,20833.12564
2015-04-21,22160.69656
2015-04-22,21799.83071
2015-04-23,21212.86136
2015-04-24,21398.0501
2015-04-27,21524.29136
2015-04-28,21444.4176
2015-04-29,21719.55142
2015-04-30,21217.55331
2015-05-04,21846.32434
2015-05-06,21692.1212
2015-05-07,21309.86667
2015-05-08,20611.79651
2015-05-11,20391.95999
2015-05-12,20895.98481
2015-05-13,20821.58118
2015-05-14,20781.51688
2015-05-15,20430.458
2015-05-18,20325.40157
2015-05-19,20439.22337
2015-05-20,20242.29945
2015-05-21,20780.17737
2015-05-22,20493.99331
2015-05-26,21280.2601
2015-05-27,21828.29663
2015-05-28,21763.44942
2015-05-29,20995.70945
2015-06-01,21523.25916
2015-06-02,22073.80348
2015-06-03,21348.23631
2015-06-04,20840.00604
2015-06-05,20996.63725
2015-06-08,20892.71129
2015-06-09,21483.47792
2015-06-10,22041.32565
2015-06-11,21849.42725
2015-06-12,21344.87116
2015-06-15,22260.24158
2015-06-16,21810.95392
2015-06-17,21734.98207
2015-06-18,20521.04178
2015-06-19,20801.5444
2015-06-22,21021.1334
2015-06-23,20746.18688
2015-06-24,20159.57485
2015-06-25,21809.89805
2015-06-26,21575.56923
2015-06-29,22787.97681
2015-06-30,21667.99695
2015-07-01,23027.99638
2015-07-02,22266.59936
2015-07-03,21693.35289
2015-07-06,21741.69394
2015-07-07,22723.66811
2015-07-08,22660.37857
2015-07-09,22343.50598
2015-07-10,21425.00456
2015-07-13,22128.27061
2015-07-14,22262.35107
2015-07-15,22329.93512
2015-07-16,21729.67743
2015-07-17,24293.31458
2015-07-20,24705.4774
2015-07-21,22398.12364
2015-07-22,21909.48146
2015-07-23,22067.73558
2015-07-24,21395.15316
2015-07-27,21610.55157
2015-07-28,21855.85732
2015-07-29,21804.29263
2015-07-30,21516.1358
2015-07-31,20796.89404
2015-08-03,21583.89667
2015-08-04,20993.93862
2015-08-05,20216.2075
2015-08-06,20496.86785
2015-08-07,20465.12347
2015-08-10,20693.36424
2015-08-11,20830.82236
2015-08-12,21018.95121
2015-08-13,21428.82202
2015-08-17,20704.36048
2015-08-18,20965.05768
2015-08-19,20970.13337
2015-08-20,21423.3859
2015-08-21,21342.53736
2015-08-24,22035.7203
2015-08-25,22292.68443
2015-08-26,22022.79589
2015-08-27,22183.6987
2015-08-28,22302.86972
2015-08-31,20917.40403
2015-09-01,22258.02433
2015-09-02,22124.1842
2015-09-03,21171.02995
2015-09-04,20912.83908
2015-09-07,20988.08804
2015-09-08,20535.74946
2015-09-09,20798.40657
2015-09-10,21280.92225
2015-09-11,21168.99574
2015-09-14,20561.05416
2015-09-15,21201.36509
2015-09-16,20331.61065
2015-09-17,21461.91535
2015-09-18,21811.1479
2015-09-21,21159.47861
2015-09-22,21572.81657
2015-09-23,21514.78628
2015-09-24,21795.15522
2015-09-25,21503.47659
2015-09-30,21970.71692
2015-10-01,21972.03178
2015-10-02,20704.22589
2015-10-05,20341.43618
2015-10-06,20300.37003
2015-10-07,20401.71804
2015-10-08,20586.90213
2015-10-12,20524.53744
2015-10-13,20961.86245
2015-10-14,20948.36726
2015-10-15,20904.18675
2015-10-16,20579.62886
2015-10-19,20468.05574
2015-10-20,20457.52672
2015-10-21,20665.97439
2015-10-22,21120.71306
2015-10-23,20702.76749
2015-10-26,21099.23003
2015-10-27,20734.25264
2015-10-28,21519.61479
2015-10-29,22085.06902
2015-10-30,21066.40851
2015-11-02,20967.85295
2015-11-03,21118.09185
2015-11-04,20335.67925
2015-11-05,20232.86808
2015-11-06,20239.20916
2015-11-09,20794.00771
2015-11-10,21640.20289
2015-11-11,22055.0259
2015-11-12,21084.64049
2015-11-13,20699.81972
2015-11-16,20667.01327
2015-11-17,21063.55453
2015-11-18,20429.81668
2015-11-19,20529.04548
2015-11-20,20052.52681
2015-11-23,20789.33294
2015-11-24,20894.8146
2015-11-25,21856.48129
2015-11-26,20848.44225
2015-11-27,20847.55618
2015-11-30,20767.06694
2015-12-01,21388.17896
2015-12-02,21799.23389
2015-12-03,20745.99287
2015-12-04,21251.26967
2015-12-07,20633.89888
2015-12-08,20367.19821
2015-12-09,20224.94773
2015-12-10,20323.73599
2015-12-11,20737.55667
2015-12-14,20450.51564
2015-12-15,20319.47083
2015-12-16,20016.46546
2015-12-17,20373.07979
2015-12-18,20415.35774
2015-12-21,20869.86004
2015-12-22,21008.48865
2015-12-23,20274.21968
2015-12-24,20578.62708
2015-12-28,21389.61266
2015-12-29,21669.02118
2015-12-30,22697.90842
2015-12-31,20905.61949
2016-01-04,22371.74361
2016-01-05,22028.24672
2016-01-06,21046.58373
2016-01-07,21534.99286
2016-01-08,21479.1926
2016-01-11,21148.86752
2016-01-12,20845.45567
2016-01-13,20342.85537
2016-01-14,20516.29023
2016-01-15,21426.82835
2016-01-18,21594.11398
2016-01-19,21838.27389
2016-01-20,21222.18943
2016-01-21,20814.92614
2016-01-22,20400.5844
2016-01-25,21705.50836
2016-01-26,21914.65693
2016-01-27,21771.72937
2016-01-28,20610.44352
2016-01-29,20430.13147
2016-02-01,21281.92164
2016-02-02,20928.33037
2016-02-03,21108.68896
2016-02-04,20666.62805
2016-02-05,20823.61567
2016-02-11,21730.95956
2016-02-12,21936.25574
2016-02-15,22099.14164
2016-02-16,22078.74437
2016-02-17,21119.36875
2016-02-18,20555.66066
2016-02-19,20072.42664
2016-02-22,20457.19892
2016-02-23,21551.23334
2016-02-24,20963.34142
2016-02-25,21646.20377
2016-02-26,21368.37004
2016-02-29,20663.71696
2016-03-02,21536.06893
2016-03-03,21106.76788
2016-03-04,21295.43769
2016-03-07,21531.50928
2016-03-08,21614.46342
2016-03-09,21072.52789
2016-03-10,21260.32537
2016-03-11,20890.78536
2016-03-14,20961.55206
2016-03-15,21542.3538
2016-03-16,21218.9575
2016-03-17,21022.65132
2016-03-18,21036.55297
2016-03-21,21599.94948
2016-03-22,21355.48351
2016-03-23,21304.23742
2016-03-24,23103.0405
2016-03-25,21083.9339
2016-03-28,21468.44344
2016-03-29,21399.78451
2016-03-30,21583.9503
2016-03-31,21435.02716
2016-04-01,22063.01294
2016-04-04,22305.95846
2016-04-05,21858.83469
2016-04-06,21321.52208
2016-04-07,22163.62839
2016-04-08,21528.93581
2016-04-11,21946.41769
2016-04-12,21653.89577
2016-04-14,21642.0023
2016-04-15,21865.60337
2016-04-18,22320.59185
2016-04-19,22631.97906
2016-04-20,22165.36731
2016-04-21,22786.15267
2016-04-22,22703.91451
2016-04-25,22633.34267
2016-04-26,23058.95933
2016-04-27,24167.00524
2016-04-28,23454.08538
2016-04-29,22894.90105
2016-05-02,23236.88093
2016-05-03,22911.78944
2016-05-04,23327.43083
2016-05-09,22545.82885
2016-05-10,22339.46006
2016-05-11,22061.60268
2016-05-12,22871.55445
2016-05-13,22756.83584
2016-05-16,22195.48723
2016-05-17,22168.99255
2016-05-18,22669.07745
2016-05-19,23304.17603
2016-05-20,21438.86604
2016-05-23,22230.4592
2016-05-24,22321.76523
2016-05-25,22563.73534
2016-05-26,21876.20421
2016-05-27,22581.29039
2016-05-30,22169.88105
2016-05-31,21473.90777
2016-06-01,22208.89336
2016-06-02,22730.10392
2016-06-03,22535.52048
2016-06-07,21752.74518
2016-06-08,22623.20239
2016-06-09,23673.83727
2016-06-10,24369.25078
2016-06-13,23770.51565
2016-06-14,23877.16863
2016-06-15,24235.52231
2016-06-16,24220.81693
2016-06-17,26183.55674
2016-06-20,25527.49579
2016-06-21,23462.27416
2016-06-22,22776.44676
2016-06-23,22621.94122
2016-06-24,23867.46737
2016-06-27,24934.71065
2016-06-28,25854.59438
2016-06-29,24720.74414
2016-06-30,23872.9875
2016-07-01,25464.07242
2016-07-04,25515.56838
2016-07-05,23569.42932
2016-07-06,23264.80587
2016-07-07,23472.42034
2016-07-08,22921.76641
2016-07-11,23185.07824
2016-07-12,23210.86075
2016-07-13,23045.88994
2016-07-14,23620.80752
2016-07-15,23268.50644
2016-07-18,22932.9274
2016-07-19,22902.59665
2016-07-20,22620.68915
2016-07-21,22740.48957
2016-07-22,23106.39082
2016-07-25,23106.36018
2016-07-26,23042.34152
2016-07-27,23158.56083
2016-07-28,23179.51406
2016-07-29,22686.27242
2016-08-01,23269.10776
2016-08-02,23682.63551
2016-08-03,23366.50425
2016-08-04,23003.21424
2016-08-05,22078.83732
2016-08-08,22582.59997
2016-08-09,22873.78195
2016-08-10,22303.06675
2016-08-11,22722.99654
2016-08-12,22498.70262
2016-08-16,23232.11579
2016-08-17,23523.94922
2016-08-18,22892.17009
2016-08-19,22834.38407
2016-08-22,22129.00812
2016-08-23,23259.36611
2016-08-24,22423.53651
2016-08-25,22060.25928
2016-08-26,23525.05562
2016-08-29,24682.82167
2016-08-30,24049.44714
2016-08-31,21741.45955
2016-09-01,22059.12781
2016-09-02,21783.51123
2016-09-05,23750.60385
2016-09-06,22217.4075
2016-09-07,21722.5794
2016-09-08,22652.4771
2016-09-09,22622.45973
2016-09-12,23458.0834
2016-09-13,22417.03274
2016-09-19,22217.08665
2016-09-20,22626.53041
2016-09-21,21923.12811
2016-09-22,22187.68067
2016-09-23,22252.68852
2016-09-26,22471.326
2016-09-27,22904.17346
2016-09-28,22216.20603
2016-09-29,22413.37605
2016-09-30,21936.22816
2016-10-04,22420.63085
2016-10-05,22749.55693
2016-10-06,24289.06096
2016-10-07,21769.55188
2016-10-10,21839.64717
2016-10-11,21963.88163
2016-10-12,22284.47908
2016-10-13,23022.91654
2016-10-14,21554.86211
2016-10-17,21511.88579
2016-10-18,21514.23077
2016-10-19,21147.67144
2016-10-20,21324.85558
2016-10-21,20973.78738
2016-10-24,22252.87248
2016-10-25,21506.51004
2016-10-26,22630.17608
2016-10-27,23172.26374
2016-10-28,22622.33089
2016-10-31,22007.5451
2016-11-01,23231.47967
2016-11-02,22859.98327
2016-11-03,22083.17804
2016-11-04,21392.21264
2016-11-07,22511.32317
2016-11-08,21622.10941
2016-11-09,22336.01936
2016-11-10,23237.49531
2016-11-11,22338.12742
2016-11-14,23273.46625
2016-11-15,22773.45824
2016-11-16,22167.37904
2016-11-17,22454.40586
2016-11-18,21991.94366
2016-11-21,21668.59402
2016-11-22,21368.06967
2016-11-23,21392.52518
2016-11-24,21141.91257
2016-11-25,21603.73769
2016-11-28,22439.44263
2016-11-29,21993.07491
2016-11-30,21609.66803
2016-12-01,22390.221
2016-12-02,22797.59956
2016-12-05,22102.99805
2016-12-06,20917.52151
2016-12-07,20832.44333
2016-12-08,20886.28804
2016-12-09,20898.81325
2016-12-12,21531.38066
2016-12-13,21324.95305
2016-12-14,21745.87478
2016-12-15,22369.7445
2016-12-16,21597.95426
2016-12-19,21934.70244
2016-12-20,21763.19003
2016-12-21,21760.86404
2016-12-22,21205.71019
2016-12-23,21182.97534
2016-12-26,21484.43369
2016-12-27,22300.53224
2016-12-28,22025.28064
2016-12-29,22756.68593
2016-12-30,21762.27223
2017-01-02,22596.26195
2017-01-03,23901.4982
2017-01-04,21948.90763
2017-01-05,21998.2822
2017-01-06,21301.15784
2017-01-09,21613.32918
2017-01-10,20975.65576
2017-01-11,21724.30697
2017-01-12,21901.25483
2017-01-13,23219.63534
2017-01-16,21909.62132
2017-01-17,23108.70701
2017-01-18,21411.37564
2017-01-19,21488.03079
2017-01-20,21139.25079
2017-01-23,21052.94248
2017-01-24,20929.17326
2017-01-25,21755.59451
2017-01-26,21252.4212
2017-01-31,21925.80293
2017-02-01,22197.90353
2017-02-02,22693.32144
2017-02-03,21367.16428
2017-02-06,21233.30533
2017-02-07,21606.60287
2017-02-08,21556.19366
2017-02-09,21978.5557
2017-02-10,21237.90903
2017-02-13,20825.78342
2017-02-14,21461.10246
2017-02-15,21861.28705
2017-02-16,21142.2438
2017-02-17,21004.5765
2017-02-20,21107.75296
2017-02-21,21095.41899
2017-02-22,21450.77442
2017-02-23,21444.09362
2017-02-24,21630.22163
2017-02-27,22656.18689
2017-02-28,22221.19459
2017-03-02,22037.59686
2017-03-03,21962.76468
2017-03-06,22121.72179
2017-03-07,21273.5126
2017-03-08,21393.22375
2017-03-09,21412.43998
2017-03-10,21694.42983
2017-03-13,21414.47995
2017-03-14,21514.67597
2017-03-15,22407.89234
2017-03-16,21917.00745
2017-03-17,22185.94061
2017-03-20,21811.45164
2017-03-21,22369.52812
2017-03-22,21691.45297
2017-03-23,23176.46989
2017-03-24,22578.58917
2017-03-27,22496.87186
2017-03-28,22296.75583
2017-03-29,22104.86339
2017-03-30,22567.68492
2017-03-31,21770.38355
2017-04-03,23481.76957
2017-04-04,23393.46869
2017-04-05,23681.25032
2017-04-06,22949.09793
2017-04-07,22160.47448
2017-04-10,23375.65244
2017-04-11,22544.07311
2017-04-12,22145.8416
2017-04-13,23086.68553
2017-04-14,22425.80766
2017-04-17,22712.42479
2017-04-18,23274.86423
2017-04-19,23437.14514
2017-04-20,24114.75953
2017-04-21,23856.58363
2017-04-24,23758.9734
2017-04-25,23795.2832
2017-04-26,23873.38975
2017-04-27,26031.85413
2017-04-28,24895.64161
2017-05-02,23834.24531
2017-05-04,23223.42101
2017-05-08,23817.02791
2017-05-10,24076.50772
2017-05-11,24013.93782
2017-05-12,23932.58707
2017-05-15,25190.92283
2017-05-16,24304.91158
2017-05-17,23947.53764
2017-05-18,25461.15085
2017-05-19,23818.81945
2017-05-22,23414.99095
2017-05-23,23834.01977
2017-05-24,23590.66512
2017-05-25,24388.78779
2017-05-26,24015.78651
2017-05-29,24159.02839
2017-05-30,24178.47413
2017-05-31,23970.75295
2017-06-01,24448.76186
2017-06-02,25207.4012
2017-06-05,24914.32281
2017-06-07,24104.54283
2017-06-08,24822.71437
2017-06-09,24329.47322
2017-06-12,25128.81696
2017-06-13,25444.07825
2017-06-14,24602.75027
2017-06-15,25520.11706
2017-06-16,25243.68911
2017-06-19,24521.38259
2017-06-20,24057.75789
2017-06-21,24802.76291
2017-06-22,24458.84419
2017-06-23,24070.80488
2017-06-26,24857.38243
2017-06-27,25167.10488
2017-06-28,25431.07928
2017-06-29,24538.43968
2017-06-30,23874.29901
2017-07-03,24695.53587
2017-07-04,24684.21122
2017-07-05,23705.06066
2017-07-06,23865.52125
2017-07-07,23348.51515
2017-07-10,23694.75757
2017-07-11,24057.23339
2017-07-12,23585.18176
2017-07-13,24327.54928
2017-07-14,23534.30203
2017-07-17,23286.58771
2017-07-18,23851.07277
2017-07-19,23796.6861
2017-07-20,24218.33497
2017-07-21,24265.51265
2017-07-24,24605.20617
2017-07-25,25929.04335
2017-07-26,26050.5806
2017-07-27,25989.8989
2017-07-28,25303.58073
2017-07-31,24318.88111
2017-08-01,25094.82644
2017-08-02,24745.84588
2017-08-03,24470.42622
2017-08-04,24253.13708
2017-08-07,24384.75511
2017-08-08,23595.45189
2017-08-09,24070.08171
2017-08-10,23645.86277
2017-08-11,24111.03771
2017-08-14,24159.28154
2017-08-16,24475.76529
2017-08-17,25639.00192
2017-08-18,23751.86937
2017-08-21,24194.52165
2017-08-22,23993.52028
2017-08-23,23478.92532
2017-08-24,23514.43184
2017-08-25,23252.64111
2017-08-28,24082.428
2017-08-29,23931.49121
2017-08-30,23906.19726
2017-08-31,23299.75223
2017-09-01,24086.77049
2017-09-04,24110.3797
2017-09-05,23705.65898
2017-09-06,23404.23146
2017-09-07,23757.45533
2017-09-08,23406.1102
2017-09-11,24573.70126
2017-09-12,24021.85468
2017-09-13,23808.21574
2017-09-14,24585.23778
2017-09-15,24385.62226
2017-09-18,24242.88918
2017-09-19,23884.16178
2017-09-20,24259.50321
2017-09-21,24305.8706
2017-09-22,24441.0233
2017-09-25,24291.46036
2017-09-26,24805.61548
2017-09-27,24490.31335
2017-09-28,24357.88154
2017-09-29,23142.11294
2017-10-10,23982.26075
2017-10-11,24109.77428
2017-10-12,26198.74937
2017-10-13,24543.49433
2017-10-16,24216.05319
2017-10-17,26233.44437
2017-10-18,24875.03968
2017-10-19,24567.15931
2017-10-20,24020.66395
2017-10-23,24247.60338
2017-10-24,24539.61302
2017-10-25,24276.5211
2017-10-26,25004.12734
2017-10-27,24617.61806
2017-10-30,25931.26464
2017-10-31,24331.12144
2017-11-01,25221.49765
2017-11-02,24950.50844
2017-11-03,24467.70551
2017-11-06,25082.69865
2017-11-07,24513.19336
2017-11-08,24246.56628
2017-11-09,24578.05843
2017-11-10,24418.25055
2017-11-13,24519.45334
2017-11-14,24350.72578
2017-11-15,25410.1735
2017-11-16,25726.47785
2017-11-17,26760.83913
2017-11-20,27184.58872
2017-11-21,26812.62941
2017-11-22,26044.48856
2017-11-23,25896.87811
2017-11-24,26108.85375
2017-11-27,26408.37083
2017-11-28,27074.21448
2017-11-29,26008.70279
2017-11-30,26062.92864
2017-12-01,26350.77932
2017-12-04,25796.87285
2017-12-05,25599.47697
2017-12-06,25400.022
2017-12-07,25616.50756
2017-12-08,26022.29979
2017-12-11,25501.80059
2017-12-12,24589.19961
2017-12-13,24711.62079
2017-12-14,24933.67059
2017-12-15,25349.48634
2017-12-18,25587.75685
2017-12-19,25730.43377
2017-12-20,24920.10282
2017-12-21,25419.74555
2017-12-22,25554.47124
2017-12-26,26170.26636
2017-12-27,26930.7052
2017-12-28,27463.80882
2017-12-29,26498.00076
2018-01-02,27324.31192
2018-01-03,29109.35548
2018-01-04,26862.09457
2018-01-05,27123.87955
2018-01-08,26733.27093
2018-01-09,26852.11391
2018-01-10,26943.16446
2018-01-11,27254.89989
2018-01-12,27438.4311
2018-01-15,28726.92005
2018-01-16,28137.58935
2018-01-17,28833.69849
2018-01-18,29174.66879
2018-01-19,28706.17274
2018-01-22,28806.85056
2018-01-23,29303.23469
2018-01-24,29434.24889
2018-01-25,29375.86808
2018-01-26,30631.72666
2018-01-29,31789.59946
2018-01-30,31255.83667
2018-01-31,30688.83336
2018-02-01,31234.33666
2018-02-02,30152.56919
2018-02-05,30488.13746
2018-02-06,30348.90661
2018-02-07,30288.58421
2018-02-08,29803.52698
2018-02-09,29144.11536
2018-02-12,28763.54392
2018-02-13,27710.67929
2018-02-14,26639.60026
2018-02-19,27488.63318
2018-02-20,28344.64307
2018-02-21,27216.00765
2018-02-22,27328.31991
2018-02-23,26563.38375
2018-02-26,26611.03159
2018-02-27,27460.42042
2018-02-28,26895.60384
2018-03-02,27314.03711
2018-03-05,27240.63914
2018-03-06,26696.06868
2018-03-07,26532.61689
2018-03-08,26755.91425
2018-03-09,26280.75682
2018-03-12,26656.34092
2018-03-13,27590.06817
2018-03-14,27345.53137
2018-03-15,28418.16797
2018-03-16,27326.54497
2018-03-19,27336.54523
2018-03-20,27433.20827
2018-03-21,27826.12627
2018-03-22,28877.57612
2018-03-23,28073.14098
2018-03-26,29324.76527
2018-03-27,28354.20898
2018-03-28,27701.12549
2018-03-29,28189.10567
2018-03-30,27003.64965
2018-04-02,28642.97365
2018-04-03,28195.94134
2018-04-04,29029.36645
2018-04-05,28063.95939
2018-04-06,27804.0529
2018-04-09,27944.92268
2018-04-10,27493.87908
2018-04-11,27992.28008
2018-04-12,28797.22255
2018-04-13,28401.34599
2018-04-16,28291.43753
2018-04-17,28378.59383
2018-04-18,27896.61146
2018-04-19,28263.51106
2018-04-20,28963.81251
2018-04-23,30810.28609
2018-04-24,30731.04688
2018-04-25,29729.00378
2018-04-26,28935.95199
2018-04-27,29456.56229
2018-04-30,28272.65514
2018-05-02,29084.93248
2018-05-03,29795.94519
2018-05-04,29032.22583
2018-05-08,28512.28594
2018-05-09,28186.03399
2018-05-10,28724.52688
2018-05-11,27603.02634
2018-05-14,27838.79322
2018-05-15,28906.03727
2018-05-16,28468.08572
2018-05-17,28468.62133
2018-05-18,28257.89883
2018-05-21,27662.39838
2018-05-23,28141.79468
2018-05-24,27436.22522
2018-05-25,27866.42742
2018-05-28,28898.8016
2018-05-29,29805.50167
2018-05-30,29613.62568
2018-05-31,28819.9837
2018-06-01,28459.93073
2018-06-04,28171.46882
2018-06-05,27973.31681
2018-06-07,28052.23108
2018-06-08,27304.25053
2018-06-11,28969.78243
2018-06-12,27776.93357
2018-06-14,27889.69389
2018-06-15,28657.40995
2018-06-18,27928.51752
2018-06-19,28179.37918
2018-06-20,28084.75059
2018-06-21,28202.23644
2018-06-22,27268.4134
2018-06-25,27036.42681
2018-06-26,28327.5476
2018-06-27,26847.1434
2018-06-28,27482.47314
2018-06-29,26943.68168
2018-07-02,28512.63936
2018-07-03,28882.82099
2018-07-04,27371.0325
2018-07-05,27464.64698
2018-07-06,25931.2234
2018-07-09,26187.43848
2018-07-10,26026.44437
2018-07-11,25918.68112
2018-07-12,26377.7869
2018-07-13,26191.43807
2018-07-16,25431.16075
2018-07-17,25767.17111
2018-07-18,26368.22225
2018-07-19,26078.60817
2018-07-20,25869.73505
2018-07-23,25708.12625
2018-07-24,25702.13402
2018-07-25,25131.205
2018-07-26,25970.48896
2018-07-27,28508.4045
2018-07-30,27545.72236
2018-07-31,27680.78761
2018-08-01,25951.467
2018-08-02,27035.9445
2018-08-03,25076.26358
2018-08-06,25047.12903
2018-08-07,25026.18041
2018-08-08,24635.19464
2018-08-09,25345.93384
2018-08-10,25199.74039
2018-08-13,25977.88512
2018-08-14,25305.82908
2018-08-16,25751.22042
2018-08-17,24923.59096
2018-08-20,25262.5225
2018-08-21,24978.21982
2018-08-22,25074.35409
2018-08-23,24691.22901
2018-08-24,25704.84405
2018-08-27,25816.48685
2018-08-28,25345.02939
2018-08-29,25799.00478
2018-08-30,24769.356
2018-08-31,25682.98936
2018-09-03,26611.19136
2018-09-04,25486.07533
2018-09-05,25351.46751
2018-09-06,25298.2521
2018-09-07,25189.95194
2018-09-10,26028.5198
2018-09-11,24832.40697
2018-09-12,25083.43115
2018-09-13,25613.1134
2018-09-14,24589.38746
2018-09-17,24906.50611
2018-09-18,25397.66941
2018-09-19,25200.99817
2018-09-20,25705.8821
2018-09-21,25318.27886
2018-09-27,27051.07266
2018-09-28,26997.5903
2018-10-01,27252.94535
2018-10-02,26101.7961
2018-10-04,27533.65154
2018-10-05,25958.29495
2018-10-08,24810.62664
2018-10-10,24377.47155
2018-10-11,27426.02661
2018-10-12,26760.08406
2018-10-15,26813.83325
2018-10-16,24698.98914
2018-10-17,24424.17712
2018-10-18,23885.42469
2018-10-19,23834.38959
2018-10-22,23444.46473
2018-10-23,23652.55934
2018-10-24,24186.46376
2018-10-25,24018.0334
2018-10-26,24709.08491
2018-10-29,26360.1082
2018-10-30,24880.55466
2018-10-31,25272.59872
2018-11-01,25665.33198
2018-11-02,25138.97246
2018-11-05,24413.83236
2018-11-06,24523.73658
2018-11-07,24061.9382
2018-11-08,24300.50363
2018-11-09,23474.04083
2018-11-12,23807.42203
2018-11-13,23517.63731
2018-11-14,24337.93314
2018-11-15,24672.61349
2018-11-16,23053.02962
2018-11-19,23088.14666
2018-11-20,26199.05218
2018-11-21,26464.47021
2018-11-22,26048.11924
2018-11-23,23536.30327
2018-11-26,23543.91287
2018-11-27,22868.132
2018-11-28,23100.72359
2018-11-29,22931.92161
2018-11-30,22669.95404
2018-12-03,23795.45767
2018-12-04,23034.33118
2018-12-05,23467.29251
2018-12-06,23768.84502
2018-12-07,22605.04723
2018-12-10,23854.34689
2018-12-11,23274.68154
2018-12-12,23001.67633
2018-12-13,23145.38198
2018-12-14,22568.49121
2018-12-17,23173.04352
2018-12-18,22998.66775
2018-12-19,22999.30128
2018-12-20,23243.89162
2018-12-21,23121.05538
2018-12-24,23235.61164
2018-12-26,24345.69246
2018-12-27,24903.89925
2018-12-28,25285.45082
2018-12-31,24852.08349
2019-01-02,26358.30581
2019-01-03,26019.6715
2019-01-04,24540.79187
2019-01-07,23776.74608
2019-01-08,23523.73205
2019-01-09,23087.25418
2019-01-10,23800.08065
2019-01-11,23115.85484
2019-01-14,23370.60469
2019-01-15,23804.27374
2019-01-16,23050.12962
2019-01-17,26077.92309
2019-01-18,25873.94922
2019-01-21,25715.6395
2019-01-22,23885.71823
2019-01-23,23674.97215
2019-01-24,23753.706
2019-01-25,23515.43599
2019-01-28,24271.0606
2019-01-29,30148.04752
2019-01-30,28893.4323
2019-01-31,28211.10643
2019-02-01,25184.15184
2019-02-07,26665.30242
2019-02-08,25032.34102
2019-02-11,26189.46024
2019-02-12,24949.84105
2019-02-13,24901.17223
2019-02-14,24518.35466
2019-02-15,24360.06387
2019-02-18,24563.86449
2019-02-19,24286.85938
2019-02-20,25087.05295
2019-02-21,24526.51767
2019-02-22,24569.57576
2019-02-25,24927.74891
2019-02-26,25647.33183
2019-02-27,25646.16857
2019-02-28,25502.59737
2019-03-04,26154.94702
2019-03-05,25022.03971
2019-03-06,24794.74841
2019-03-07,24782.04849
2019-03-08,24507.30121
2019-03-11,24993.96568
2019-03-12,24123.26903
2019-03-13,24811.78813
2019-03-14,24801.76318
2019-03-15,24033.40702
2019-03-18,24392.26296
2019-03-19,24383.25273
2019-03-20,24831.6997
2019-03-21,24466.34125
2019-03-22,25298.65255
2019-03-25,26703.08939
2019-03-26,26018.07039
2019-03-27,26552.82148
2019-03-28,25608.73327
2019-03-29,24962.96721
2019-04-01,28052.93254
2019-04-02,25308.29104
2019-04-03,25036.58521
2019-04-04,24200.80202
2019-04-05,24677.51051
2019-04-08,24768.31412
2019-04-09,24763.95406
2019-04-10,25332.53929
2019-04-11,25965.72435
2019-04-12,25771.54576
2019-04-15,26550.50735
2019-04-16,25972.12612
2019-04-17,26512.91758
2019-04-18,27194.99084
2019-04-19,26323.92614
2019-04-22,26802.37199
2019-04-23,27175.05245
2019-04-24,26029.55488
2019-04-25,26508.51561
2019-04-26,26215.87447
2019-04-29,27015.4105
2019-04-30,25809.62065
2019-05-02,28751.60106
2019-05-03,26469.87452
2019-05-07,26892.22454
2019-05-08,25884.24091
2019-05-09,26377.21414
2019-05-10,26770.91489
2019-05-13,26658.97942
2019-05-14,26060.63113
2019-05-15,25968.15791
2019-05-16,25521.73385
2019-05-17,25163.31433
2019-05-20,25650.26323
2019-05-21,25107.17963
2019-05-22,24504.81552
2019-05-23,24877.96605
2019-05-24,24754.63256
2019-05-27,24532.23232
2019-05-28,26539.2733
2019-05-29,26633.1237
2019-05-30,26293.51559
2019-05-31,24258.20144
2019-06-03,25822.17851
2019-06-04,23817.63003
2019-06-05,23555.82134
2019-06-07,23429.7289
2019-06-10,24277.28545
2019-06-11,24386.09596
2019-06-12,24613.21474
2019-06-13,24815.44484
2019-06-14,24142.51857
2019-06-17,24696.27908
2019-06-18,23949.67118
2019-06-19,23875.5782
2019-06-20,24486.22578
2019-06-21,24371.4692
2019-06-24,25053.73695
2019-06-25,24633.95591
2019-06-26,25181.13253
2019-06-27,25057.29091
2019-06-28,24712.77509
2019-07-01,27441.15014
2019-07-02,24935.24017
2019-07-03,24532.74928
2019-07-04,24660.27153
2019-07-05,24412.25463
2019-07-08,24960.28359
2019-07-09,24602.3562
2019-07-10,24375.66391
2019-07-11,24141.04397
2019-07-12,24238.1178
2019-07-15,24923.4748
2019-07-16,23875.70257
2019-07-17,23908.90884
2019-07-18,24476.8238
2019-07-19,24450.37979
2019-07-22,24185.75608
2019-07-23,24215.33565
2019-07-24,24115.49358
2019-07-25,24430.22071
2019-07-26,24860.97696
2019-07-29,24521.98019
2019-07-30,24301.85386
2019-07-31,24110.19105
2019-08-01,26253.39915
2019-08-02,24158.26616
2019-08-05,24632.96954
2019-08-06,25643.16431
2019-08-07,25780.08474
2019-08-08,26571.89515
2019-08-09,25846.40376
2019-08-12,25880.07183
2019-08-13,25221.26341
2019-08-14,25417.34163
2019-08-16,24993.8466
2019-08-19,24110.04788
2019-08-20,24473.97465
2019-08-21,24141.15276
2019-08-22,23902.70851
2019-08-23,23735.48587
2019-08-26,24204.13181
2019-08-27,24526.6412
2019-08-28,23702.34755
2019-08-29,24029.1083
2019-08-30,23232.70985
2019-09-02,25155.53236
2019-09-03,23577.98796
2019-09-04,23783.6682
2019-09-05,23925.14355
2019-09-06,23762.40279
2019-09-09,24129.20438
2019-09-10,24758.73486
2019-09-11,24057.41469
2019-09-16,24813.91938
2019-09-17,24926.70804
2019-09-18,24485.6041
2019-09-19,24505.9604
2019-09-20,24218.8544
2019-09-23,25115.2426
2019-09-24,24712.38087
2019-09-25,25039.24799
2019-09-26,25922.5156
2019-09-27,25405.20673
2019-09-30,24459.23186
2019-10-01,26318.28865
2019-10-02,29223.9912
2019-10-04,27699.63196
2019-10-07,24324.99966
2019-10-08,23957.22455
2019-10-10,24477.97567
2019-10-11,25011.19073
2019-10-14,25535.79307
2019-10-15,26680.71241
2019-10-16,24817.92354
2019-10-17,25083.40866
2019-10-18,24125.31451
2019-10-21,24843.70665
2019-10-22,24850.68839
2019-10-23,24624.08849
2019-10-24,25131.39427
2019-10-25,25101.63472
2019-10-28,25413.72577
2019-10-29,25310.33705
2019-10-30,25084.9132
2019-10-31,25047.8868
2019-11-01,25395.67502
2019-11-04,25460.68553
2019-11-05,24611.8052
2019-11-06,25068.22128
2019-11-07,25274.43197
2019-11-08,25549.47525
2019-11-11,25329.69963
2019-11-12,25072.36896
2019-11-13,25232.65672
2019-11-14,26107.5769
2019-11-15,24816.93496
2019-11-18,24609.56842
2019-11-19,25132.03177
2019-11-20,25943.20095
2019-11-21,26201.91994
2019-11-22,26460.36644
2019-11-25,25217.52219
2019-11-26,24947.94779
2019-11-27,24865.59857
2019-11-28,24742.42203
2019-11-29,24673.60516
2019-12-02,26281.03765
2019-12-03,24838.42515
2019-12-04,25260.16626
2019-12-05,24815.31655
2019-12-06,23801.22253
2019-12-09,23587.65071
2019-12-10,24111.8858
2019-12-11,24448.69239
2019-12-12,24399.66791
2019-12-13,24950.72192
2019-12-16,24456.53648
2019-12-17,25596.21489
2019-12-18,25816.62956
2019-12-19,26176.24228
2019-12-20,26022.06326
2019-12-23,26630.17234
2019-12-24,26742.6598
2019-12-26,27825.73543
2019-12-27,28716.5447
2019-12-30,28522.35149
2019-12-31,27396.03512
2020-01-02,29862.91244
2020-01-03,30669.56802
2020-01-06,27950.82908
2020-01-07,27041.0717
2020-01-08,26916.62379
2020-01-09,28156.84326
2020-01-10,29174.3598
2020-01-13,27643.73881
2020-01-14,27981.63091
2020-01-15,28363.3212
2020-01-16,27573.76237
2020-01-17,27548.62906
2020-01-20,28164.90622
2020-01-21,27682.26589
2020-01-22,27765.24053
2020-01-23,27035.65263
2020-01-28,30224.26452
2020-01-29,29222.80691
2020-01-30,30226.04345
2020-01-31,28721.79849
2020-02-03,31244.48701
2020-02-04,29509.93279
2020-02-05,29163.57086
2020-02-06,28908.51882
2020-02-07,28658.69135
2020-02-10,30474.09345
2020-02-11,28603.13242
2020-02-12,28372.21432
2020-02-13,30115.17202
2020-02-14,28324.03991
2020-02-17,28757.4521
2020-02-18,29033.31941
2020-02-19,28918.45645
2020-02-20,28620.828
2020-02-21,28594.5034
2020-02-24,30125.91324
2020-02-25,30715.87654
2020-02-26,31752.94227
2020-02-27,31172.17184
2020-02-28,31214.32389
2020-03-02,33184.81942
2020-03-03,31572.88408
2020-03-04,31076.49931
2020-03-05,31029.16044
2020-03-06,31054.73506
2020-03-09,32100.58493
2020-03-10,32912.58173
2020-03-11,33027.55241
2020-03-12,34082.71585
2020-03-13,36193.67247
2020-03-16,36722.5507
2020-03-17,37744.66349
2020-03-18,37116.3509
2020-03-19,38370.4928
2020-03-20,39125.81868
2020-03-23,39870.66393
2020-03-24,40995.31527
2020-03-25,41440.06197
2020-03-26,45173.47521
2020-03-27,43981.61656
2020-03-30,43462.70948
2020-03-31,43087.22989
2020-04-01,47671.69086
2020-04-02,46572.25819
2020-04-03,43883.39573
2020-04-06,43331.66707
2020-04-07,43559.46869
2020-04-08,44232.78459
2020-04-09,44310.95867
2020-04-10,44572.01035
2020-04-13,44786.24856
2020-04-14,44829.24738
2020-04-16,44377.76297
2020-04-17,44404.70113
2020-04-20,44576.54466
2020-04-21,45641.22142
2020-04-22,45343.09772
2020-04-23,44385.57046
2020-04-24,43841.12867
2020-04-27,44450.2227
2020-04-28,44113.82278
2020-04-29,42839.29231
2020-05-04,44526.69624
2020-05-06,44817.61456
2020-05-07,44605.55974
2020-05-08,42611.17294
2020-05-11,43466.88031
2020-05-12,43316.81264
2020-05-13,42863.08824
2020-05-14,43790.13062
2020-05-15,42327.24981
2020-05-18,42403.39735
2020-05-19,42759.92035
2020-05-20,42544.45413
2020-05-21,43519.86111
2020-05-22,43776.99092
2020-05-25,43932.15154
2020-05-26,44254.26699
2020-05-27,44089.44672
2020-05-28,44712.48136
2020-05-29,43973.63047
2020-06-01,44482.99652
2020-06-02,43673.07814
2020-06-03,44160.13234
2020-06-04,44779.44323
2020-06-05,44691.45886
2020-06-08,45707.1395
2020-06-09,45510.91469
2020-06-10,46733.19686
2020-06-11,45983.0883
2020-06-12,47905.12784
2020-06-15,48342.38538
2020-06-16,48210.07464
2020-06-17,46366.12541
2020-06-18,46455.0487
2020-06-19,46233.20093
2020-06-22,47403.43197
2020-06-23,47529.56361
2020-06-24,46285.1908
2020-06-25,46480.99518
2020-06-26,50654.53638
2020-06-29,46987.99007
2020-06-30,46327.84594
2020-07-01,48010.64241
2020-07-02,47469.30967
2020-07-03,45727.721
2020-07-06,45753.34778
2020-07-07,46326.47067
2020-07-08,46768.97391
2020-07-09,46346.0868
2020-07-10,46038.30333
2020-07-13,46605.77916
2020-07-14,45556.07236
2020-07-15,45477.2693
2020-07-16,45402.33918
2020-07-17,45719.43952
2020-07-20,45538.33287
2020-07-21,46161.15179
2020-07-22,45912.72195
2020-07-23,46681.78086
2020-07-24,47111.00502
2020-07-27,47333.19363
2020-07-28,46979.95649
2020-07-29,47453.17959
2020-07-30,47650.53424
2020-07-31,47791.08894
2020-08-03,50359.67762
2020-08-04,49239.56931
2020-08-05,48061.12974
2020-08-06,48879.83287
2020-08-07,49224.53028
2020-08-10,51131.37942
2020-08-11,50731.45876
2020-08-12,50304.62621
2020-08-13,51151.96709
2020-08-14,50797.27386
2020-08-18,51460.79688
2020-08-19,51597.62736
2020-08-20,52644.60409
2020-08-21,52342.49373
2020-08-24,51719.67895
2020-08-25,51742.88126
2020-08-26,52322.02014
2020-08-27,53883.42576
2020-08-28,54761.60246
2020-08-31,60533.04215
2020-09-01,59562.26241
2020-09-02,48630.56119
2020-09-03,47401.1367
2020-09-04,63264.47805
2020-09-07,63107.26642
2020-09-08,59432.1885
2020-09-09,57230.0698
2020-09-10,57407.87332
2020-09-11,56405.95219
2020-09-14,56409.01144
2020-09-15,56697.73246
2020-09-16,55379.77524
2020-09-17,55668.56017
2020-09-18,54880.53128
2020-09-21,54783.52367
2020-09-22,55649.51389
2020-09-23,55956.88616
2020-09-24,55282.47631
2020-09-25,55662.3756
2020-09-28,54824.13492
2020-09-29,53885.52017
2020-10-05,58037.09055
2020-10-06,49199.89077
2020-10-07,47737.78673
2020-10-08,54221.38493
2020-10-12,55759.42155
2020-10-13,55548.71538
2020-10-14,54349.26441
2020-10-15,54716.28809
2020-10-16,54014.90429
2020-10-19,52731.63583
2020-10-20,52813.57691
2020-10-21,55227.1259
2020-10-22,55494.96426
2020-10-23,55148.72244
2020-10-26,53008.87887
2020-10-27,52972.56801
2020-10-28,53145.37114
2020-10-29,53714.06653
2020-10-30,55045.33725
2020-11-02,53350.55633
2020-11-03,52501.22042
2020-11-04,51424.17
2020-11-05,51149.18287
2020-11-06,51904.22496
2020-11-09,54415.50129
2020-11-10,54701.77367
2020-11-11,55467.7511
2020-11-12,56498.80752
2020-11-13,56683.82664
2020-11-16,62846.06008
2020-11-17,63114.17912
2020-11-18,65142.49086
2020-11-19,63411.40808
2020-11-20,63001.09448
2020-11-23,58453.62162
2020-11-24,60099.09004
2020-11-25,61652.19809
2020-11-26,63241.19554
2020-11-27,62963.00787
2020-11-30,61593.78182
2020-12-01,62525.34729
2020-12-02,61373.15008
2020-12-03,59519.98466
2020-12-04,60811.2987
2020-12-07,62821.50379
2020-12-08,62353.03613
2020-12-09,61040.97406
2020-12-10,61957.65682
2020-12-11,61368.24872
2020-12-14,61286.8667
2020-12-15,60620.21898
2020-12-16,60251.08121
2020-12-17,61477.19851
2020-12-18,60892.49474
2020-12-21,61350.70216
2020-12-22,63200.92945
2020-12-23,63332.99488
2020-12-24,62314.14407
2020-12-28,64047.28397
2020-12-29,65526.79469
2020-12-30,65629.91834
2020-12-31,65529.28261
2021-01-04,68294.13983
2021-01-05,69447.89117
2021-01-06,68038.03925
2021-01-07,69278.82211
2021-01-08,67554.17376
2021-01-11,72328.43309
2021-01-12,74463.3839
2021-01-13,70146.68881
2021-01-14,67830.38403
2021-01-15,68170.68769
2021-01-18,68840.40701
2021-01-19,67158.83585
2021-01-20,67282.40089
2021-01-21,67843.65153
2021-01-22,68315.05999
2021-01-25,68481.2556
2021-01-26,69133.4176
2021-01-27,70227.2429
2021-01-28,68335.85858
2021-01-29,68023.97836
2021-02-01,68297.98722
2021-02-02,66071.56159
2021-02-03,65305.93014
2021-02-04,66013.75081
2021-02-05,66000.88083
2021-02-08,65350.93961
2021-02-09,65255.38012
2021-02-10,63832.60044
2021-02-15,64867.85121
2021-02-16,64795.28471
2021-02-17,64813.04076
2021-02-18,66098.11301
2021-02-19,65020.08945
2021-02-22,65083.63196
2021-02-23,64696.44389
2021-02-24,64369.7638
2021-02-25,65023.64719
2021-02-26,63864.88681
2021-03-02,66908.6695
2021-03-03,63131.87188
2021-03-04,62206.41643
2021-03-05,62446.94058
2021-03-08,67739.24284
2021-03-09,68106.49891
2021-03-10,60408.85607
2021-03-11,57642.94468
2021-03-12,64107.76166
2021-03-15,66280.02686
2021-03-16,65905.58702
2021-03-17,63231.39557
2021-03-18,64177.60801
2021-03-19,63483.0441
2021-03-22,63846.71968
2021-03-23,63229.47226
2021-03-24,61346.95354
2021-03-25,62457.15657
2021-03-26,63506.62681
2021-03-29,63487.25232
2021-03-30,63543.46127
2021-03-31,62628.75776
2021-04-01,65719.21717
2021-04-02,65402.32266
2021-04-05,63800.13049
2021-04-06,63600.68377
2021-04-07,63741.56394
2021-04-08,64156.38501
2021-04-09,64723.04322
2021-04-12,63955.96283
2021-04-13,63608.22076
2021-04-14,63023.54552
2021-04-15,65660.34431
2021-04-16,67008.14462
2021-04-19,69189.92193
2021-04-20,65687.96841
2021-04-21,67131.81482
2021-04-22,69424.16863
2021-04-23,67694.42069
2021-04-26,68608.99291
2021-04-27,69999.2093
2021-04-28,73603.22151
2021-04-29,59490.12244
2021-04-30,58422.52163
2021-05-03,77909.63613
2021-05-04,73931.24107
2021-05-06,72065.72733
2021-05-07,67967.9967
2021-05-10,67773.41016
2021-05-11,69166.8735
2021-05-12,71603.598
2021-05-13,71067.8563
2021-05-14,66621.57039
2021-05-17,65445.6223
2021-05-18,65983.08783
2021-05-20,64468.96259
2021-05-21,64783.5431
2021-05-24,63882.89479
2021-05-25,63566.84016
2021-05-26,62932.11176
2021-05-27,63271.27479
2021-05-28,64372.24811
2021-05-31,64080.11049
2021-06-01,66620.75555
2021-06-02,65832.01051
2021-06-03,64821.37725
2021-06-04,64175.48057
2021-06-07,66628.45594
2021-06-08,67131.71046
2021-06-09,65064.06407
2021-06-10,67137.23743
2021-06-11,66622.42639
2021-06-14,66894.13006
2021-06-15,67483.06667
2021-06-16,67043.35166
2021-06-17,67076.52155
2021-06-18,67032.42678
2021-06-21,67953.56964
2021-06-22,67420.04297
2021-06-23,66066.7527
2021-06-24,66631.07179
2021-06-25,67056.60749
2021-06-28,67684.59739
2021-06-29,67883.79399
2021-06-30,66139.44539
2021-07-01,69126.03086
2021-07-02,66968.31078
2021-07-05,67883.31029
2021-07-06,66742.58494
2021-07-07,67907.00318
2021-07-08,69448.93293
2021-07-09,66547.16065
2021-07-12,65100.31062
2021-07-13,68422.32234
2021-07-14,66504.08007
2021-07-15,69325.34637
2021-07-16,68909.36437
2021-07-19,68148.79138
2021-07-20,67803.39119
2021-07-21,67949.77994
2021-07-22,68080.19559
2021-07-23,67804.20771
2021-07-26,71671.80176
2021-07-27,63077.20551
2021-07-28,66019.25859
2021-07-29,75175.041
2021-07-30,67262.86115
2021-08-02,69657.41503
2021-08-03,69886.67895
2021-08-04,70056.86716
2021-08-05,69984.07584
2021-08-06,68814.29825
2021-08-09,71589.59524
2021-08-10,66806.37005
2021-08-11,66693.90293
2021-08-12,74209.04608
2021-08-13,71994.08232
2021-08-17,70130.06348
2021-08-18,70844.91774
2021-08-19,69883.1709
2021-08-20,69656.94225
2021-08-23,69396.42125
2021-08-24,68850.71228
2021-08-25,63591.97294
2021-08-26,64201.38143
2021-08-27,71291.39308
2021-08-30,70733.92875
2021-08-31,69602.21716
2021-09-01,67423.07133
2021-09-02,69644.88693
2021-09-03,69757.19573
2021-09-06,69597.53637
2021-09-07,69394.06338
2021-09-08,61099.32465
2021-09-09,61008.93977
2021-09-10,73349.25607
2021-09-13,70418.48929
2021-09-14,68562.70577
2021-09-15,65630.22928
2021-09-16,68924.32365
2021-09-17,69369.57073
2021-09-23,69495.18128
2021-09-24,67829.60084
2021-09-27,68628.71374
2021-09-28,68451.12741
2021-09-29,66959.47477
2021-09-30,68353.1405
2021-10-01,69781.61299
2021-10-05,70886.45373
2021-10-06,70091.1866
2021-10-07,67667.26432
2021-10-08,66228.27584
2021-10-12,67072.65213
2021-10-13,65145.15621
2021-10-14,65556.32973
2021-10-15,67849.42329
2021-10-18,66988.57047
2021-10-19,67865.49751
2021-10-20,65623.4654
2021-10-21,66559.66966
2021-10-22,64345.40657
2021-10-25,63462.61599
2021-10-26,64999.34371
2021-10-27,67662.17279
2021-10-28,67953.85202
2021-10-29,66737.20717
2021-11-01,66854.85254
2021-11-02,63442.48899
2021-11-03,63947.12809
2021-11-04,67127.07536
2021-11-05,65016.49774
2021-11-08,65840.30014
2021-11-09,65464.38718
2021-11-10,64662.78792
2021-11-11,67081.84891
2021-11-12,63537.63471
2021-11-15,64197.58335
2021-11-16,66388.59681
2021-11-17,66820.97403
2021-11-18,66361.29654
2021-11-19,66087.41598
2021-11-22,65102.93502
2021-11-23,65251.92471
2021-11-24,64676.46601
2021-11-25,64182.94962
2021-11-26,64910.99819
2021-11-29,67017.49627
2021-11-30,65989.01588
2021-12-01,67400.01312
2021-12-02,67286.47668
2021-12-03,64250.85368
2021-12-06,64285.36843
2021-12-07,64462.07056
2021-12-08,63045.57464
2021-12-09,63554.73177
2021-12-10,63534.75539
2021-12-13,64483.75594
2021-12-14,64068.92988
2021-12-15,63568.52204
2021-12-16,63602.29509
2021-12-17,62847.06371
2021-12-20,63525.34248
2021-12-21,63482.92706
2021-12-22,62209.9518
2021-12-23,63352.59777
2021-12-24,62782.10876
2021-12-27,64477.70734
2021-12-28,66207.62385
2021-12-29,68008.30981
2021-12-30,69660.41754
2021-12-31,67537.46319
2022-01-03,71739.92589
2022-01-04,66576.89519
2022-01-05,68993.04099
2022-01-06,67363.12813
2022-01-07,65211.19661
2022-01-10,64438.96735
2022-01-11,64670.72255
2022-01-12,64609.76806
2022-01-13,64101.84752
2022-01-14,65346.68306
2022-01-17,74266.33372
2022-01-18,70393.30024
2022-01-19,54025.42003
2022-01-20,53811.02084
2022-01-21,74048.43817
2022-01-24,71403.47201
2022-01-25,69552.60517
2022-01-26,71474.46397
2022-01-27,75114.80972
2022-01-28,70351.77386
2022-02-03,68716.72755
2022-02-04,66672.50033
2022-02-07,66816.39283
2022-02-08,66636.95782
2022-02-09,64007.901
2022-02-10,63702.3117
2022-02-11,64107.48038
2022-02-14,65468.88454
2022-02-15,64564.89885
2022-02-16,63491.4181
2022-02-17,63401.14719
2022-02-18,62506.78651
2022-02-21,62479.35524
2022-02-22,63709.61032
2022-02-23,63148.96783
2022-02-24,65279.87606
2022-02-25,64999.47564
2022-02-28,63431.75534
2022-03-02,64369.26162
2022-03-03,64269.37366
2022-03-04,63043.20508
2022-03-07,65869.4965
2022-03-08,64389.63671
2022-03-10,63143.4884
2022-03-11,62507.14498
2022-03-14,63020.31356
2022-03-15,62718.1592
2022-03-16,60977.78128
2022-03-17,61069.97394
2022-03-18,61455.31173
2022-03-21,62792.88589
2022-03-22,62334.86449
2022-03-23,61591.30714
2022-03-24,63348.58192
2022-03-25,62983.46819
2022-03-28,63862.75455
2022-03-29,63197.375
2022-03-30,62827.0004
2022-03-31,63288.97787
2022-04-01,66811.82778
2022-04-04,65856.88708
2022-04-05,62251.24886
2022-04-06,62488.78686
2022-04-07,63673.17405
2022-04-08,61899.03476
2022-04-11,61642.1829
2022-04-12,62074.3893
2022-04-13,61583.92357
2022-04-14,62720.29792
2022-04-15,61803.46155
2022-04-18,62478.19379
2022-04-19,61074.82564
2022-04-20,60407.18823
2022-04-21,61754.85402
2022-04-22,62866.36381
2022-04-25,63867.81398
2022-04-26,65580.23783
2022-04-27,64862.50434
2022-04-28,62929.22974
2022-04-29,61412.3687
2022-05-02,61805.21782
2022-05-03,62170.99308
2022-05-04,63333.74
2022-05-06,60396.81334
2022-05-09,61812.50763
2022-05-10,61591.74661
2022-05-11,59909.7852
2022-05-12,60330.81744
2022-05-13,59972.47085
2022-05-16,59094.8853
2022-05-17,60513.74331
2022-05-18,59196.39126
2022-05-19,59769.75623
2022-05-20,59607.5666
2022-05-23,58670.49155
2022-05-24,59366.10808
2022-05-25,59219.749
2022-05-26,58859.37331
2022-05-27,58489.29069
2022-05-30,58353.79141
2022-05-31,57572.87786
2022-06-02,61638.29708
2022-06-03,58658.42718
2022-06-07,57792.40106
2022-06-08,57523.18483
2022-06-09,57002.78027
2022-06-10,57310.17718
2022-06-13,59086.9143
2022-06-14,58742.45133
2022-06-15,57982.1034
2022-06-16,57026.38404
2022-06-17,57179.29567
2022-06-20,57211.27404
2022-06-21,56967.843
2022-06-22,56400.22993
2022-06-23,56994.58482
2022-06-24,57551.73006
2022-06-27,57439.44832
2022-06-28,58323.29967
2022-06-29,57363.33084
2022-06-30,57370.61633
2022-07-01,58744.14842
2022-07-04,57675.10071
2022-07-05,54929.91254
2022-07-06,55482.03221
2022-07-07,55013.94984
2022-07-08,54419.15407
2022-07-11,55237.82325
2022-07-12,55207.10141
2022-07-13,55799.98106
2022-07-14,55782.31374
2022-07-15,54484.12541
2022-07-18,54859.76049
2022-07-19,53501.26285
2022-07-20,53497.55463
2022-07-21,56078.04107
2022-07-22,55246.1455
2022-07-25,54738.35615
2022-07-26,54842.17336
2022-07-27,54669.88452
2022-07-28,53883.91732
2022-07-29,54264.46563
2022-08-01,55771.97734
2022-08-02,55115.37669
2022-08-03,56044.9176
2022-08-04,55178.22027
2022-08-05,53768.2405
2022-08-08,54239.78766
2022-08-09,54320.95297
2022-08-10,55499.45152
2022-08-11,54792.82051
2022-08-12,55319.31623
2022-08-16,56955.50961
2022-08-17,56009.2238
2022-08-18,55230.75365
2022-08-19,55232.94983
2022-08-22,54837.82453
2022-08-23,54840.56198
2022-08-24,54686.85625
2022-08-25,54304.84915
2022-08-26,54270.436
2022-08-29,55176.15797
2022-08-30,54169.63139
2022-08-31,53068.58654
2022-09-01,55507.75494
2022-09-02,54718.11295
2022-09-05,52296.42018
2022-09-06,52047.75438
2022-09-07,51885.44802
2022-09-08,51709.44967
2022-09-13,51348.54798
2022-09-14,52234.53833
2022-09-15,52571.08347
2022-09-16,52101.83261
2022-09-19,51559.69973
2022-09-20,50835.17578
2022-09-21,50784.40496
2022-09-22,51531.12309
2022-09-23,51707.19742
2022-09-26,52048.92656
2022-09-27,51476.3593
2022-09-28,52573.02139
2022-09-29,51859.10233
2022-09-30,50857.36221
2022-10-04,51224.61975
2022-10-05,51196.13539
2022-10-06,51799.36988
2022-10-07,49309.0515
2022-10-11,51258.21235
2022-10-12,49652.08234
2022-10-13,50339.69338
2022-10-14,50393.28272
2022-10-17,49047.2187
2022-10-18,49074.4374
2022-10-19,48745.77525
2022-10-20,49163.75235
2022-10-21,48668.70944
2022-10-24,48296.15759
2022-10-25,47701.44391
2022-10-26,48469.94667
2022-10-27,50946.86855
2022-10-28,47677.46151
2022-10-31,48623.95595
2022-11-01,49851.90643
2022-11-02,50008.56276
2022-11-03,48822.436
2022-11-04,48327.34963
2022-11-07,47460.74235
2022-11-08,46943.2792
2022-11-09,47540.16167
2022-11-10,49363.85174
2022-11-11,49013.6842
2022-11-14,49931.23434
2022-11-15,51037.32654
2022-11-16,50118.95803
2022-11-17,49756.64673
2022-11-18,49701.40887
2022-11-21,48430.55593
2022-11-22,47867.01044
2022-11-23,48420.24433
2022-11-24,47735.73376
2022-11-25,47831.60471
2022-11-28,49266.14505
2022-11-29,48242.66222
2022-11-30,46679.21806
2022-12-01,49659.64088
2022-12-02,48184.79577
2022-12-05,47358.23456
2022-12-06,46732.97995
2022-12-07,46014.10696
2022-12-08,46683.31691
2022-12-09,45749.77506
2022-12-12,46335.1805
2022-12-13,45968.33333
2022-12-14,46334.2348
2022-12-15,45218.33545
2022-12-16,46123.43124
2022-12-19,45136.17664
2022-12-20,45367.90567
2022-12-21,45323.41339
2022-12-22,44313.59631
2022-12-23,43906.8855
2022-12-26,47547.3585
2022-12-27,45722.81337
2022-12-28,46989.11019
2022-12-29,47051.20782
2022-12-30,46453.08165
2023-01-02,50839.0212
2023-01-03,48485.92835
2023-01-04,46372.78936
2023-01-05,44981.08227
2023-01-06,44152.17314
2023-01-09,43890.78288
2023-01-10,43697.13181
2023-01-11,44357.06474
2023-01-12,45250.18956
2023-01-13,45605.47932
2023-01-16,45616.27549
2023-01-17,45250.1004
2023-01-18,45657.88262
2023-01-19,44571.16007
2023-01-20,44164.36482
2023-01-25,45030.92977
2023-01-26,45772.04336
2023-01-27,47233.94878
2023-01-30,47128.29515
2023-01-31,49279.87472
2023-02-01,51526.94409
2023-02-02,46464.25258
2023-02-03,47751.58874
2023-02-06,47384.97003
2023-02-07,48165.81761
2023-02-08,46731.97412
2023-02-09,47867.09923
2023-02-10,47088.8781
2023-02-13,47630.11528
2023-02-14,48024.32987
2023-02-15,47441.78992
2023-02-16,47738.00187
2023-02-17,45891.15738
2023-02-20,46864.79091
2023-02-21,46204.45005
2023-02-22,47648.13257
2023-02-23,46882.567
2023-02-24,46669.70453
2023-02-27,47387.33231
2023-02-28,47744.53441
2023-03-02,48531.10039
2023-03-03,45651.02384
2023-03-06,48332.67509
2023-03-07,49593.41165
2023-03-08,48916.79603
2023-03-09,49885.74849
2023-03-10,48330.26464
2023-03-13,47513.21377
2023-03-14,48081.55131
2023-03-15,48740.10703
2023-03-16,46397.01165
2023-03-17,46330.102
2023-03-20,46257.3243
2023-03-21,47229.19614
2023-03-22,46337.22102
2023-03-23,47435.51219
2023-03-24,48644.91055
2023-03-27,50549.65241
2023-03-28,49235.12757
2023-03-29,48319.66752
2023-03-30,48691.98398
2023-03-31,50606.88105
2023-04-03,53055.7758
2023-04-04,50535.78528
2023-04-05,49123.0073
2023-04-06,50338.14056
2023-04-07,51027.61523
2023-04-10,49686.83677
2023-04-11,53163.171
2023-04-12,52406.11127
2023-04-13,53615.49211
2023-04-14,52403.97215
2023-04-17,52888.961
2023-04-18,53635.7755
2023-04-19,52098.50021
2023-04-20,52653.13037
2023-04-21,53206.08439
2023-04-24,53352.83181
2023-04-25,53777.05325
2023-04-26,53493.25831
2023-04-27,53498.18388
2023-04-28,53147.36253
2023-05-02,54247.63465
2023-05-03,51155.28972
2023-05-04,52003.02599
2023-05-08,50171.04932
2023-05-09,49567.95452
2023-05-10,50212.67358
2023-05-11,50157.76203
2023-05-12,50069.30816
2023-05-15,52154.9719
2023-05-16,49947.26845
2023-05-17,48942.65982
2023-05-18,49740.88845
2023-05-19,49761.31676
2023-05-22,49780.27934
2023-05-23,50593.41131
2023-05-24,51429.78805
2023-05-25,51031.67498
2023-05-26,51035.40843
2023-05-30,51663.97013
2023-05-31,51960.46878
2023-06-01,52740.06547
2023-06-02,50385.26204
2023-06-05,50032.27692
2023-06-07,50789.80891
2023-06-08,50928.84824
2023-06-09,51763.33763
2023-06-12,51647.11498
2023-06-13,52510.81174
2023-06-14,52824.76694
2023-06-15,54226.51747
2023-06-16,51910.52232
2023-06-19,51984.47391
2023-06-20,51830.30614
2023-06-21,51012.2479
2023-06-22,50528.67774
2023-06-23,50657.93644
2023-06-26,51128.70386
2023-06-27,51524.32467
2023-06-28,50920.20036
2023-06-29,50760.89315
2023-06-30,51849.35815
2023-07-03,55028.08743
2023-07-04,51322.0366
2023-07-05,51512.38845
2023-07-06,51251.4164
2023-07-07,50482.52509
2023-07-10,51670.6997
2023-07-11,50311.29902
2023-07-12,50475.13332
2023-07-13,53490.10099
2023-07-14,51117.48766
2023-07-17,50897.04737
2023-07-18,51418.4467
2023-07-19,50960.20078
2023-07-20,53293.15804
2023-07-21,54007.79467
2023-07-24,54158.67403
2023-07-25,55417.45134
2023-07-26,57793.56348
2023-07-27,58204.89591
2023-07-28,55735.03555
2023-07-31,55992.16412
2023-08-01,57166.23571
2023-08-02,55283.23689
2023-08-03,54868.25869
2023-08-04,54189.81261
2023-08-07,54356.45718
2023-08-08,53354.32647
2023-08-09,52722.06152
2023-08-10,52891.85963
2023-08-11,53218.73547
2023-08-14,53533.49009
2023-08-16,55686.50556
2023-08-17,53965.84342
2023-08-18,52599.26677
2023-08-21,52815.19053
2023-08-22,51756.37612
2023-08-23,51493.85145
2023-08-24,52072.88831
2023-08-25,51396.46472
2023-08-28,52748.95649
2023-08-29,51594.95659
2023-08-30,51495.05586
2023-08-31,51584.01264
2023-09-01,52852.05691
2023-09-04,52678.50413
2023-09-05,51306.40096
2023-09-06,51311.79443
2023-09-07,52486.22412
2023-09-08,51066.57161
2023-09-11,52010.85757
2023-09-12,51010.06385
2023-09-13,52163.7453
2023-09-14,52197.74596
2023-09-15,49311.59631
2023-09-18,50006.40208
2023-09-19,50686.60975
2023-09-20,50855.11226
2023-09-21,50864.18516
2023-09-22,48035.23656
2023-09-25,48154.28042
2023-09-26,52636.70996
2023-09-27,49994.96303
2023-10-04,52251.97394
2023-10-05,50496.8205
2023-10-06,47449.9325
2023-10-10,46543.57378
2023-10-11,46790.59219
2023-10-12,49103.95603
2023-10-13,49496.96922
2023-10-16,47767.54425
2023-10-17,46600.28486
2023-10-18,46639.96702
2023-10-19,47253.65673
2023-10-20,47903.27535
2023-10-23,48233.64933
2023-10-24,47038.66735
2023-10-25,46538.77773
2023-10-26,48552.30216
2023-10-27,48450.82382
2023-10-30,47199.20085
2023-10-31,46061.59865
2023-11-01,46016.5818
2023-11-02,45026.02603
2023-11-03,44686.48766
2023-11-06,47434.51243
2023-11-07,47814.87819
2023-11-08,47875.09996
2023-11-09,47207.11058
2023-11-10,48179.26658
2023-11-13,47912.9998
2023-11-14,47011.97711
2023-11-15,47590.17262
2023-11-16,46828.37846
2023-11-17,46965.82735
2023-11-20,47265.7812
2023-11-21,47987.36602
2023-11-22,47832.96995
2023-11-23,47348.60826
2023-11-24,47502.29817
2023-11-27,47993.25376
2023-11-28,48543.51868
2023-11-29,47882.65533
2023-11-30,48485.83934
2023-12-01,48672.97563
2023-12-04,48397.86702
2023-12-05,47549.78607
2023-12-06,48986.02578
2023-12-07,50386.57041
2023-12-08,48205.97222
2023-12-11,48613.59145
2023-12-12,49488.02484
2023-12-13,50166.10372
2023-12-14,51337.97949
2023-12-15,48317.85308
2023-12-18,49591.98023
2023-12-19,53137.35889
2023-12-20,52122.45505
2023-12-21,51867.61178
2023-12-22,52617.51163
2023-12-26,53688.8015
2023-12-27,56469.29081
2023-12-28,53820.93715
2023-12-29,52758.99091
2024-01-02,59500.84107
2024-01-03,56960.17127
2024-01-04,54254.63525
2024-01-05,52016.75712
2024-01-08,51402.59588
2024-01-09,51737.46559
2024-01-10,49964.44117
2024-01-11,52798.72333
2024-01-12,50883.92575
2024-01-15,51932.46174
2024-01-16,50373.69154
2024-01-17,49992.10907
2024-01-18,49064.09943
2024-01-19,49565.08053
2024-01-22,50297.28823
2024-01-23,50375.08148
2024-01-24,49785.33762
2024-01-25,50508.02546
2024-01-26,49069.84662
2024-01-29,52209.32621
2024-01-30,51238.50199
2024-01-31,50748.4985
2024-02-01,52052.85436
2024-02-02,50829.08109
2024-02-05,50845.72974
2024-02-06,52900.14343
2024-02-07,51667.28321
2024-02-08,50845.30303
2024-02-13,52980.84539
2024-02-14,53164.81642
2024-02-15,53574.88837
2024-02-16,53933.47798
2024-02-19,54030.10556
2024-02-20,53821.11791
2024-02-21,54162.12447
2024-02-22,53631.78534
2024-02-23,53425.99918
2024-02-26,54628.82702
2024-02-27,56017.08559
2024-02-28,54873.85193
2024-02-29,54341.04127
2024-03-04,57891.01289
2024-03-05,55028.49676
2024-03-06,54896.41081
2024-03-07,54073.66082
2024-03-08,52511.26586
2024-03-11,53348.90282
2024-03-12,53887.6187
2024-03-13,53002.58468
2024-03-14,53487.767
2024-03-15,53371.55164
2024-03-18,53117.47628
2024-03-19,51757.14004
2024-03-20,52851.3666
2024-03-21,52640.80551
2024-03-22,52012.1863
2024-03-25,55267.01444
2024-03-26,55196.15619
2024-03-27,55328.4836
2024-03-28,56049.4091
2024-03-29,56528.57048
2024-04-01,59635.8486
2024-04-02,57428.43224
2024-04-03,57053.18556
2024-04-04,56496.11001
2024-04-05,54448.3996
2024-04-08,55938.90837
2024-04-09,55029.40805
2024-04-11,55391.01992
2024-04-12,54940.79499
2024-04-15,56673.83702
2024-04-16,57602.63858
2024-04-17,55274.56769
2024-04-18,55065.54543
2024-04-19,55480.94974
2024-04-22,56585.34786
2024-04-23,55870.92806
2024-04-24,54701.46268
2024-04-25,55676.84286
2024-04-26,56515.80964
2024-04-29,56792.83796
2024-04-30,57236.36982
2024-05-02,58796.70702
2024-05-03,55950.55734
2024-05-07,55487.61511
2024-05-08,54114.30329
2024-05-09,55670.69961
2024-05-10,55655.59958
2024-05-13,55353.14638
2024-05-14,55399.43684
2024-05-16,56241.16934
2024-05-17,55661.92902
2024-05-20,56175.04534
2024-05-21,55428.47909
2024-05-22,54887.44763
2024-05-23,55669.20344
2024-05-24,55446.40651
2024-05-27,56853.74488
2024-05-28,56275.46388
2024-05-29,55152.91003
2024-05-30,56415.73147
2024-05-31,54401.85737
2024-06-03,54218.6454
2024-06-04,52973.93292
2024-06-05,53397.74898
2024-06-07,52959.21957
2024-06-10,54134.34297
2024-06-11,54222.29271
2024-06-12,54106.54789
2024-06-13,55599.04357
2024-06-14,54693.72726
2024-06-17,55704.69727
2024-06-18,55786.15329
2024-06-19,54805.44605
2024-06-20,54891.29608
2024-06-21,55243.82002
2024-06-24,55966.37781
2024-06-25,55978.07727
2024-06-26,55101.04277
2024-06-27,56447.88641
2024-06-28,56514.33683
2024-07-01,58316.36246
2024-07-02,56164.68817
2024-07-03,54404.45167
2024-07-04,53050.25226
2024-07-05,53860.28301
2024-07-08,55609.89608
2024-07-09,56608.27658
2024-07-10,56174.49043
2024-07-11,57236.85722
2024-07-12,56552.19134
2024-07-15,57883.03538
2024-07-16,56912.99982
2024-07-17,56346.51922
2024-07-18,57417.17372
2024-07-19,55865.92418
2024-07-22,56110.27033
2024-07-23,55537.49381
2024-07-24,54881.71468
2024-07-25,56398.98232
2024-07-26,55470.26717
2024-07-29,54078.51869
2024-07-30,55017.61273
2024-07-31,54304.86698
2024-08-01,54664.6922
2024-08-02,53873.32887
2024-08-05,59493.55156
2024-08-06,58967.64855
2024-08-07,56589.46061
2024-08-08,55127.25935
2024-08-09,53883.34422
2024-08-12,53019.47445
2024-08-13,53821.31105
2024-08-14,53151.69592
2024-08-16,53942.87842
2024-08-19,52593.4608
2024-08-20,53326.34874
2024-08-21,53513.26537
2024-08-22,53510.68114
2024-08-23,52591.17746
2024-08-26,53422.20688
2024-08-27,53734.85215
2024-08-28,53256.68132
2024-08-29,53065.81711
2024-08-30,52134.50238
2024-09-02,52056.17799
2024-09-03,51432.33732
2024-09-04,53246.51986
2024-09-05,53386.70369
2024-09-06,51457.71985
2024-09-09,51264.93504
2024-09-10,51499.48112
2024-09-11,51998.4658
2024-09-12,51158.2247
2024-09-13,51405.85578
2024-09-19,51614.58848
2024-09-20,50834.6632
2024-09-23,51684.42902
2024-09-24,51761.1377
2024-09-25,52049.46664
2024-09-26,54052.50405
2024-09-27,52024.22749
2024-09-30,56838.55894
2024-10-02,56336.9373
2024-10-04,52709.53621
2024-10-07,51515.15485
2024-10-08,50700.27389
2024-10-10,52354.13958
2024-10-11,52217.91015
2024-10-14,52584.12529
2024-10-15,52945.94556
2024-10-16,53365.38265
2024-10-17,52373.04761
2024-10-18,51257.59731
2024-10-21,54439.32079
2024-10-22,54715.47939
2024-10-23,55682.70736
2024-10-24,54039.21693
2024-10-25,53599.57571
2024-10-28,50737.55868
2024-10-29,50486.56522
2024-10-30,49602.27422
2024-10-31,50591.63987
2024-11-01,51436.97912
2024-11-04,50437.83862
2024-11-05,50068.88742
2024-11-06,49894.98799
2024-11-07,50089.39379
2024-11-08,49907.27744
2024-11-11,51200.31522
2024-11-12,52738.8354
2024-11-13,51504.64231
2024-11-14,52960.46501
2024-11-15,50617.99884
2024-11-18,50923.39032
2024-11-19,49997.84629
2024-11-20,49817.82038
2024-11-21,50314.59799
2024-11-22,49924.03617
2024-11-25,50429.40184
2024-11-26,52246.04527
2024-11-27,50900.87331
2024-11-28,51605.65183
2024-11-29,52302.1235
2024-12-02,52341.11565
2024-12-03,49903.68496
2024-12-04,51460.31467
2024-12-05,52474.4791
2024-12-06,51745.96444
2024-12-09,51911.60741
2024-12-10,52518.17299
2024-12-11,52928.10004
2024-12-12,52667.44984
2024-12-13,53578.12617
2024-12-16,52713.14326
2024-12-17,52557.47065
2024-12-18,51565.51893
2024-12-19,51356.48836
2024-12-20,52021.05393
2024-12-23,52089.66375
2024-12-24,50631.58304
2024-12-26,52601.23509
2024-12-27,54452.9903
2024-12-30,54560.96613
2024-12-31,54248.09842
2025-01-02,57063.99028
2025-01-03,54556.26957
2025-01-06,53801.20306
2025-01-07,52341.23464
2025-01-08,51945.20677
2025-01-09,52760.57465
2025-01-10,52284.61238
2025-01-13,53753.30097
2025-01-14,53774.39172
2025-01-15,52792.97211
2025-01-16,51874.20802
2025-01-17,51275.21814
2025-01-20,53231.2292
2025-01-21,52803.4117
2025-01-22,52107.84255
2025-01-23,52117.78844
2025-01-24,54149.66889
2025-01-31,55584.14628
2025-02-03,58237.52597
2025-02-04,57758.97486
2025-02-05,53338.37143
2025-02-06,54678.82914
2025-02-07,52829.27124
2025-02-10,53112.86535
2025-02-11,53370.24666
2025-02-12,52898.19732
2025-02-13,53927.84466
2025-02-14,54516.10018
2025-02-17,53513.92657
2025-02-18,53919.89919
2025-02-19,55122.85603
2025-02-20,54627.87807
2025-02-21,54964.25899
2025-02-24,54035.16474
2025-02-25,54904.16021
2025-02-26,54427.37397
2025-02-27,55223.98593
2025-02-28,56058.54862
2025-03-04,57238.54949
2025-03-05,53554.07918
2025-03-06,52882.52656
2025-03-07,51355.81489
2025-03-10,53775.60982
2025-03-11,53305.68656
2025-03-12,52811.29681
2025-03-13,52251.59334
2025-03-14,51361.76457
2025-03-17,51866.63245
2025-03-18,50961.79694
2025-03-19,51918.59431
2025-03-20,52502.55095
2025-03-21,53620.67366
2025-03-24,53287.57773
2025-03-25,55167.73907
2025-03-26,55676.93904
2025-03-27,54699.10902
2025-03-28,56938.44583
2025-03-31,58480.17306
2025-04-01,59502.65637
2025-04-02,54363.17838
2025-04-03,55325.53701
2025-04-04,55613.29199
2025-04-07,57849.19391
2025-04-08,55914.77869
2025-04-09,54165.85331
2025-04-10,54697.86371
2025-04-11,53623.72052
2025-04-14,54881.35797
2025-04-15,54759.70364
2025-04-16,52982.56589
2025-04-17,53638.45202
2025-04-18,53830.13344
2025-04-21,53841.90867
2025-04-22,53967.99692
2025-04-23,54402.88944
2025-04-24,54313.00911
2025-04-25,55315.83547
2025-04-28,55947.27993
2025-04-29,57567.25469
2025-04-30,57553.36507
2025-05-02,56536.52323
2025-05-07,56455.06726
2025-05-08,56442.00524
2025-05-09,54267.82084
2025-05-12,56168.0778
2025-05-13,55212.01418
2025-05-14,57477.03141
2025-05-15,56524.24571
2025-05-16,56279.99407
2025-05-19,56190.64928
2025-05-20,56551.47743
2025-05-21,56106.87666
2025-05-22,56218.61302
2025-05-23,56755.68956
2025-05-26,56762.19264
2025-05-27,57506.16165
2025-05-28,56408.50463
2025-05-29,58034.8899
2025-05-30,57302.89226
2025-06-02,60194.58442
2025-06-04,60041.3104
2025-06-05,58375.55656
2025-06-09,59666.27859
2025-06-10,62356.02945
2025-06-11,61988.39476
2025-06-12,62950.75214
2025-06-13,63825.97821
2025-06-16,64972.32178
2025-06-17,65026.72329
2025-06-18,63505.28845
2025-06-19,63611.1779
2025-06-20,64220.78287
2025-06-23,65023.75771
2025-06-24,66418.08679
2025-06-25,66683.59748
2025-06-26,69062.86883
2025-06-27,67719.51199
2025-06-30,68979.29807
2025-07-01,70420.33077
2025-07-02,66059.95076
2025-07-03,66291.74514
2025-07-04,65390.52917
2025-07-07,67344.4939
2025-07-08,66510.46207
2025-07-09,65202.29382
2025-07-10,65943.64773
2025-07-11,66375.87028
2025-07-14,68088.30218
2025-07-15,66858.74936
2025-07-16,65602.45382
2025-07-17,66641.65548
2025-07-18,65370.96108
2025-07-21,65271.92912
2025-07-22,65614.4064
2025-07-23,66408.91877
2025-07-24,64773.03323
2025-07-25,65168.76947
2025-07-28,67731.55542
2025-07-29,67364.44046
2025-07-30,68243.60315
2025-07-31,68692.10425
2025-08-01,71784.90101
2025-08-04,70301.34556
2025-08-05,67014.76817
2025-08-06,66287.75966
2025-08-07,66883.19697
2025-08-08,67497.34309
2025-08-11,67968.63026
2025-08-12,68090.36012
2025-08-13,67840.72317
2025-08-14,69404.24296
2025-08-18,67608.66908
2025-08-19,67499.74194
2025-08-20,68515.04885
2025-08-21,67469.89207
2025-08-22,66628.89068
2025-08-25,66131.45587
2025-08-26,68280.86577
2025-08-27,66868.43352
2025-08-28,67365.78602
2025-08-29,66305.83253
2025-09-01,68484.10741
2025-09-02,66192.38848
2025-09-03,65466.0972
2025-09-04,65946.92735
2025-09-05,64986.08088
2025-09-08,65807.46187
2025-09-09,68385.33873
2025-09-10,70597.75285
2025-09-11,71018.91512
2025-09-12,72894.61791
2025-09-15,74771.8444
2025-09-16,74935.61592
2025-09-17,73033.13244
2025-09-18,73613.8682
2025-09-19,72559.13019
2025-09-22,73568.14531
2025-09-23,74928.75673
2025-09-24,75204.58766
2025-09-25,76002.78933
2025-09-26,75625.45155
2025-09-29,76816.164
2025-09-30,76455.01439
2025-10-01,76537.78955
2025-10-02,73143.19073
2025-10-10,76330.09339
2025-10-13,80198.1211
2025-10-14,79982.88505
2025-10-15,78659.28281
2025-10-16,76545.09075
2025-10-17,78322.34255
2025-10-20,80633.80421
2025-10-21,80337.81357
2025-10-22,80488.35166
2025-10-23,80176.39817
2025-10-24,79490.43008
2025-10-27,81099.18541
2025-10-28,83881.51956
2025-10-29,85924.5007
2025-10-30,85722.18228
2025-10-31,85465.47835
2025-11-03,86779.11408
2025-11-04,86841.27584
2025-11-05,88279.69662
2025-11-06,86964.36934
2025-11-07,85730.73455
2025-11-10,83117.9713
2025-11-11,83038.71162
2025-11-12,82476.84072
2025-11-13,82592.75047
2025-11-14,82732.83238
2025-11-17,85953.39736
2025-11-18,79669.46879
2025-11-19,80035.61422
2025-11-20,78219.87316
2025-11-21,78834.20794
2025-11-24,80203.35527
2025-11-25,75629.87034
2025-11-26,77962.3494
2025-11-27,77478.91976
2025-11-28,77919.78422
2025-12-01,80184.66981
2025-12-02,77075.03153
2025-12-03,76972.06364
2025-12-04,77414.73924
2025-12-05,78144.88419
2025-12-08,79393.92958
2025-12-09,80583.46127
2025-12-10,80574.51631
2025-12-11,81649.6958
2025-12-12,83950.25852
2025-12-15,82872.9664
2025-12-16,84361.22252
2025-12-17,83534.64627
2025-12-18,81718.89747
2025-12-19,81042.52626
2025-12-22,81727.7764
2025-12-23,81085.04628
2025-12-24,83312.3331
2025-12-26,85433.61983
2025-12-29,86484.42886
2025-12-30,87407.3194
2025-12-31,87837.84109
2026-01-02,89530.02798
2026-01-05,89139.30526
2026-01-06,88642.72185
2026-01-07,89774.0121
2026-01-08,92863.02556
2026-01-09,88880.90538
2026-01-12,88996.94829
2026-01-13,88057.73473
2026-01-14,89318.8694
2026-01-15,92612.30859
2026-01-16,91227.29986
2026-01-19,93871.70285
2026-01-20,95535.52757
2026-01-21,96341.37667
2026-01-22,95737.16847
2026-01-23,93818.8886
2026-01-26,97550.29811
2026-01-27,100292.63158
2026-01-28,103372.66037
2026-01-29,103717.56685
2026-01-30,106043.05621
2026-02-02,111307.66849
2026-02-03,105595.02793
2026-02-04,100827.23778
2026-02-05,104877.15488
2026-02-06,109020.82934
2026-02-09,98600.37731
2026-02-10,95309.12975
2026-02-11,98173.19281
2026-02-12,103028.6876
2026-02-13,99283.52749
2026-02-19,106580.70649
2026-02-20,104139.54988
2026-02-23,108300.90348
2026-02-24,107913.97322
2026-02-25,109478.60137
2026-02-26,119495.1518
2026-02-27,118760.63565
2026-03-03,129831.77704
2026-03-04,132081.44588
2026-03-05,130900.40599
